transaction_id,date,time_of_day,customer_age,customer_gender,occasion,product_name,category,quantity,unit_price,total_item_price,total_spent
1,2024-01-02,morning,41,female,weekend,Bread,General,2,50.74,992.6,346.99
1,2024-01-02,morning,75,female,daily_needs,Milk,General,1,326.67,631.26,155.8
2,2024-01-28,morning,31,female,weekend,Cola,General,1,65.17,269.35,196.41
2,2024-01-28,morning,77,male,daily_needs,Milk,General,3,214.7,421.51,172.89
3,2024-01-08,evening,31,male,daily_needs,Cheese,General,2,359.06,419.24,208.54
3,2024-01-08,evening,70,female,weekend,Bread,General,1,316.89,565.56,156.37
3,2024-01-08,evening,32,male,daily_needs,Bananas,General,1,987.54,783.63,179.49
4,2024-01-01,afternoon,65,male,holiday,Bananas,General,2,358.92,743.13,355.02
4,2024-01-01,afternoon,44,male,daily_needs,Eggs,General,3,163.61,727.58,404.31
5,2024-01-07,evening,62,male,holiday,Pens,General,1,267.36,123.13,215.9
5,2024-01-07,evening,39,female,weekend,Butter,General,2,817.71,651.73,448.58
6,2024-01-09,morning,20,male,weekend,Binders,General,3,446.54,261.0,147.95
6,2024-01-09,morning,61,female,holiday,Butter,General,3,357.04,542.85,381.21
6,2024-01-09,morning,66,female,daily_needs,Milk,General,2,964.32,289.19,298.9
7,2024-01-21,afternoon,61,female,weekend,Binders,General,3,688.53,773.54,195.06
7,2024-01-21,afternoon,55,female,daily_needs,Chips,General,2,651.85,558.99,136.12
8,2024-01-01,morning,57,female,holiday,Bread,General,2,845.82,691.91,394.09
8,2024-01-01,morning,67,male,holiday,Cookies,General,2,711.0,267.12,169.98
8,2024-01-01,morning,65,male,daily_needs,Notebooks,General,2,996.44,967.15,323.32
9,2024-01-08,afternoon,37,female,holiday,Butter,General,2,943.13,974.98,213.57
9,2024-01-08,afternoon,63,female,weekend,Milk,General,2,476.0,994.73,170.37
9,2024-01-08,afternoon,21,male,weekend,Folders,General,1,219.88,398.15,397.67
10,2024-01-27,evening,51,male,weekend,Folders,General,1,598.06,517.89,178.1
10,2024-01-27,evening,78,female,holiday,Eggs,General,3,780.13,91.42,497.82
10,2024-01-27,evening,47,male,weekend,Milk,General,1,889.32,760.33,481.23
11,2024-01-22,afternoon,75,male,weekend,Chips,General,2,634.26,990.55,156.03
11,2024-01-22,afternoon,44,female,weekend,Apples,General,2,753.73,712.16,380.99
12,2024-01-20,morning,18,female,weekend,Apples,General,2,895.51,371.1,250.23
12,2024-01-20,morning,19,female,holiday,Folders,General,3,84.15,492.32,317.06
13,2024-01-28,morning,61,female,daily_needs,Cookies,General,3,131.08,99.1,312.54
13,2024-01-28,morning,64,male,holiday,Milk,General,1,971.06,728.87,116.43
14,2024-01-01,afternoon,64,female,weekend,Folders,General,2,728.87,677.19,211.97
14,2024-01-01,afternoon,33,male,holiday,Milk,General,3,463.89,743.54,119.09
15,2024-01-30,morning,47,male,holiday,Cookies,General,2,635.06,653.34,118.12
15,2024-01-30,morning,48,female,weekend,Folders,General,3,527.98,863.67,363.48
16,2024-01-11,evening,54,female,holiday,Binders,General,1,963.13,910.08,178.32
16,2024-01-11,evening,30,female,holiday,Apples,General,2,67.31,139.72,373.2
17,2024-01-29,evening,73,female,daily_needs,Chips,General,1,969.2,570.57,269.39
17,2024-01-29,evening,41,female,holiday,Apples,General,1,745.07,171.31,200.01
18,2024-01-22,morning,30,male,holiday,Eggs,General,1,100.81,960.61,438.86
18,2024-01-22,morning,26,male,weekend,Chips,General,3,953.08,594.77,352.73
19,2024-01-14,evening,48,female,daily_needs,Notebooks,General,3,893.32,383.37,146.83
19,2024-01-14,evening,29,male,weekend,Folders,General,2,637.31,146.07,133.64
20,2024-01-20,afternoon,34,male,holiday,Pens,General,1,612.29,382.71,383.27
20,2024-01-20,afternoon,36,male,weekend,Bananas,General,3,453.01,911.04,144.48
20,2024-01-20,afternoon,20,male,daily_needs,Bread,General,2,495.23,103.49,147.53
21,2024-01-13,morning,78,male,daily_needs,Binders,General,2,928.41,923.16,201.2
21,2024-01-13,morning,36,female,daily_needs,Pens,General,2,207.9,255.97,217.8
22,2024-01-08,afternoon,75,female,weekend,Bread,General,1,975.68,986.9,379.26
22,2024-01-08,afternoon,34,male,daily_needs,Notebooks,General,1,823.11,700.49,165.05
22,2024-01-08,afternoon,63,male,daily_needs,Milk,General,2,952.31,739.43,345.37
22,2024-01-08,afternoon,19,female,weekend,Textbooks,General,2,574.01,206.59,264.5
22,2024-01-08,afternoon,71,male,weekend,Butter,General,3,192.9,614.42,252.36
23,2024-01-06,morning,20,male,holiday,Folders,General,1,739.81,769.23,251.14
23,2024-01-06,morning,38,female,daily_needs,Cola,General,2,288.87,311.0,182.89
23,2024-01-06,morning,18,male,weekend,Apples,General,3,157.88,687.99,308.12
23,2024-01-06,morning,71,male,holiday,Cookies,General,2,859.57,574.31,324.38
24,2024-01-30,afternoon,32,male,holiday,Binders,General,3,740.08,570.07,280.36
24,2024-01-30,afternoon,32,female,weekend,Folders,General,3,547.42,712.76,418.59
24,2024-01-30,afternoon,27,female,daily_needs,Cookies,General,2,780.47,112.92,118.34
25,2024-01-27,evening,46,female,weekend,Folders,General,1,232.67,88.83,167.57
25,2024-01-27,evening,45,female,daily_needs,Apples,General,2,134.27,164.6,284.31
26,2024-01-04,afternoon,18,female,daily_needs,Folders,General,3,225.29,248.88,248.19
26,2024-01-04,afternoon,39,female,weekend,Eggs,General,3,554.7,734.49,124.94
27,2024-01-17,morning,56,female,weekend,Pens,General,2,163.77,896.0,337.44
27,2024-01-17,morning,21,female,holiday,Chips,General,1,523.52,132.57,314.84
28,2024-01-13,evening,23,male,daily_needs,Textbooks,General,1,57.16,264.07,246.14
28,2024-01-13,evening,65,female,weekend,Notebooks,General,3,133.49,815.57,122.26
29,2024-01-17,afternoon,47,female,weekend,Bread,General,3,829.82,732.53,314.01
29,2024-01-17,afternoon,43,male,daily_needs,Cola,General,1,227.69,357.5,270.17
29,2024-01-17,afternoon,50,female,daily_needs,Pens,General,3,721.87,779.39,134.92
30,2024-01-20,afternoon,18,male,daily_needs,Pens,General,1,772.22,615.86,288.63
30,2024-01-20,afternoon,72,male,weekend,Cola,General,3,933.05,839.09,486.01
31,2024-01-14,morning,77,female,holiday,Pens,General,1,227.08,273.91,353.5
31,2024-01-14,morning,79,female,daily_needs,Notebooks,General,1,608.89,698.83,280.78
32,2024-01-06,evening,23,male,holiday,Binders,General,3,368.16,182.31,417.61
32,2024-01-06,evening,46,male,weekend,Textbooks,General,3,594.49,997.81,400.96
32,2024-01-06,evening,78,male,holiday,Folders,General,3,185.97,244.32,385.63
33,2024-01-02,morning,44,male,holiday,Chips,General,3,587.23,730.37,339.61
33,2024-01-02,morning,37,male,weekend,Milk,General,2,375.4,265.98,269.44
34,2024-01-08,morning,59,male,holiday,Apples,General,2,115.48,123.46,141.7
34,2024-01-08,morning,58,female,holiday,Folders,General,3,166.67,274.11,166.21
35,2024-01-21,morning,43,male,holiday,Eggs,General,3,443.78,870.34,469.18
35,2024-01-21,morning,24,female,holiday,Cola,General,2,922.53,607.71,113.14
36,2024-01-28,afternoon,67,male,daily_needs,Cola,General,3,976.76,486.04,322.92
36,2024-01-28,afternoon,39,female,holiday,Milk,General,1,225.24,334.62,223.97
36,2024-01-28,afternoon,47,male,holiday,Textbooks,General,3,809.79,381.92,287.29
37,2024-01-19,afternoon,21,male,daily_needs,Butter,General,3,948.81,404.64,208.3
37,2024-01-19,afternoon,63,female,daily_needs,Chips,General,3,979.98,847.8,446.8
38,2024-01-08,evening,51,male,weekend,Eggs,General,2,838.71,427.32,367.23
38,2024-01-08,evening,38,female,holiday,Milk,General,3,901.52,62.35,134.2
39,2024-01-23,evening,72,female,daily_needs,Chips,General,1,438.94,574.44,274.45
39,2024-01-23,evening,61,male,weekend,Apples,General,2,790.77,158.53,326.31
40,2024-01-04,afternoon,43,female,daily_needs,Pens,General,1,706.66,699.02,429.03
40,2024-01-04,afternoon,38,female,daily_needs,Folders,General,2,113.82,434.99,298.99
40,2024-01-04,afternoon,29,male,daily_needs,Eggs,General,2,183.02,300.5,206.6
40,2024-01-04,afternoon,44,female,weekend,Cola,General,1,681.78,216.6,465.76
41,2024-01-04,evening,66,male,holiday,Cookies,General,3,951.84,426.82,481.63
41,2024-01-04,evening,39,male,daily_needs,Textbooks,General,2,79.62,299.15,338.03
42,2024-01-08,evening,59,male,holiday,Cola,General,3,828.15,809.45,377.88
42,2024-01-08,evening,47,female,weekend,Cheese,General,3,348.87,817.06,484.84
43,2024-01-18,morning,42,female,holiday,Apples,General,3,988.28,946.86,115.77
43,2024-01-18,morning,27,female,holiday,Cola,General,1,221.55,589.55,466.2
43,2024-01-18,morning,31,male,daily_needs,Eggs,General,3,332.48,928.18,488.42
44,2024-01-05,evening,60,female,weekend,Chips,General,3,434.26,593.81,421.59
44,2024-01-05,evening,21,male,weekend,Cola,General,1,750.96,544.16,270.73
44,2024-01-05,evening,61,female,weekend,Cookies,General,3,488.85,990.82,100.1
45,2024-01-07,evening,37,male,daily_needs,Binders,General,2,53.18,493.95,218.8
45,2024-01-07,evening,67,female,weekend,Chips,General,2,609.65,313.4,464.14
46,2024-01-14,evening,41,male,weekend,Binders,General,1,989.73,756.19,125.99
46,2024-01-14,evening,25,female,daily_needs,Bananas,General,3,269.04,839.11,148.14
47,2024-01-17,afternoon,78,male,weekend,Eggs,General,3,770.33,711.22,161.56
47,2024-01-17,afternoon,49,male,weekend,Milk,General,1,262.63,560.13,337.18
48,2024-01-05,morning,28,male,weekend,Apples,General,3,54.83,710.93,119.51
48,2024-01-05,morning,35,female,daily_needs,Butter,General,1,899.76,991.9,124.61
49,2024-01-16,evening,57,female,daily_needs,Eggs,General,3,873.93,722.94,434.81
49,2024-01-16,evening,42,male,weekend,Bananas,General,3,714.04,229.76,452.65
49,2024-01-16,evening,62,female,daily_needs,Chips,General,3,885.12,54.89,427.98
50,2024-01-19,afternoon,47,male,weekend,Apples,General,1,964.84,374.78,353.05
50,2024-01-19,afternoon,47,male,daily_needs,Cheese,General,2,940.37,703.49,127.13
51,2024-01-29,evening,29,female,holiday,Chips,General,3,614.68,414.43,126.25
51,2024-01-29,evening,50,female,holiday,Cookies,General,3,827.85,289.88,100.41
52,2024-01-20,afternoon,39,male,holiday,Binders,General,3,953.32,193.5,272.93
52,2024-01-20,afternoon,38,male,daily_needs,Pens,General,3,966.29,772.09,276.92
53,2024-01-25,afternoon,34,male,daily_needs,Folders,General,3,481.01,553.84,107.14
53,2024-01-25,afternoon,46,female,daily_needs,Notebooks,General,2,635.82,806.71,292.61
54,2024-01-13,evening,34,female,daily_needs,Cola,General,2,696.43,425.77,489.88
54,2024-01-13,evening,55,female,holiday,Cheese,General,1,769.21,955.02,463.13
55,2024-01-02,morning,50,male,daily_needs,Textbooks,General,1,128.38,833.29,243.12
55,2024-01-02,morning,56,female,weekend,Folders,General,3,240.82,708.53,428.58
55,2024-01-02,morning,59,male,daily_needs,Butter,General,3,168.01,901.41,337.91
56,2024-01-26,afternoon,39,female,holiday,Binders,General,3,88.72,205.8,275.44
56,2024-01-26,afternoon,35,female,holiday,Bread,General,1,505.31,634.95,231.61
57,2024-01-27,morning,20,female,weekend,Binders,General,3,696.22,118.59,112.26
57,2024-01-27,morning,50,male,daily_needs,Bread,General,2,962.74,445.11,438.5
58,2024-01-15,afternoon,51,female,weekend,Apples,General,3,312.99,612.73,464.95
58,2024-01-15,afternoon,29,male,daily_needs,Textbooks,General,2,649.98,746.46,152.63
59,2024-01-15,morning,31,female,holiday,Notebooks,General,1,679.49,140.5,360.85
59,2024-01-15,morning,42,male,weekend,Cheese,General,3,673.9,358.93,409.39
59,2024-01-15,morning,73,female,daily_needs,Eggs,General,3,481.1,274.25,129.4
60,2024-01-11,morning,54,male,daily_needs,Apples,General,1,792.7,720.12,278.55
60,2024-01-11,morning,64,male,weekend,Bananas,General,3,156.32,306.26,122.83
61,2024-01-12,afternoon,59,female,daily_needs,Milk,General,2,966.86,54.69,480.72
61,2024-01-12,afternoon,67,male,daily_needs,Chips,General,3,482.0,539.82,295.54
62,2024-01-05,afternoon,64,female,holiday,Pens,General,2,678.55,979.7,249.72
62,2024-01-05,afternoon,47,female,weekend,Chips,General,1,839.33,871.38,407.41
62,2024-01-05,afternoon,44,female,daily_needs,Apples,General,2,922.74,620.58,476.35
63,2024-01-13,morning,48,male,holiday,Notebooks,General,2,433.93,360.68,367.04
63,2024-01-13,morning,23,female,weekend,Cheese,General,1,807.92,463.8,427.13
63,2024-01-13,morning,41,female,weekend,Eggs,General,3,55.47,358.36,246.58
64,2024-01-14,afternoon,27,female,weekend,Notebooks,General,1,410.8,870.17,307.63
64,2024-01-14,afternoon,23,female,daily_needs,Folders,General,1,374.19,411.19,259.53
65,2024-01-19,evening,32,female,daily_needs,Notebooks,General,1,384.04,146.35,294.35
65,2024-01-19,evening,65,male,weekend,Cola,General,3,933.13,555.65,332.37
66,2024-01-24,evening,66,female,daily_needs,Butter,General,2,921.86,453.3,134.82
66,2024-01-24,evening,71,male,daily_needs,Cookies,General,2,156.69,52.45,355.19
67,2024-01-24,afternoon,36,female,holiday,Eggs,General,2,819.05,778.32,159.88
67,2024-01-24,afternoon,72,female,daily_needs,Textbooks,General,3,273.47,875.8,289.16
68,2024-01-07,evening,38,female,holiday,Notebooks,General,2,456.79,731.72,376.97
68,2024-01-07,evening,56,female,weekend,Eggs,General,3,623.06,370.37,462.21
69,2024-01-28,afternoon,22,female,holiday,Milk,General,1,307.59,613.17,372.05
69,2024-01-28,afternoon,61,male,weekend,Textbooks,General,3,230.81,99.72,251.39
69,2024-01-28,afternoon,55,male,holiday,Notebooks,General,2,474.03,366.89,332.19
70,2024-01-13,afternoon,40,female,holiday,Apples,General,2,992.86,930.65,315.98
70,2024-01-13,afternoon,74,female,daily_needs,Milk,General,2,294.19,798.51,445.87
71,2024-01-09,morning,18,male,holiday,Cheese,General,2,474.84,620.56,306.27
71,2024-01-09,morning,52,female,holiday,Textbooks,General,3,992.55,858.85,183.4
72,2024-01-27,afternoon,19,male,weekend,Notebooks,General,2,976.83,658.92,428.99
72,2024-01-27,afternoon,42,male,weekend,Chips,General,1,926.62,512.71,342.5
72,2024-01-27,afternoon,71,female,daily_needs,Butter,General,3,955.16,833.94,366.52
73,2024-01-19,evening,48,male,daily_needs,Bread,General,3,232.19,251.17,293.84
73,2024-01-19,evening,67,male,holiday,Bananas,General,3,984.49,277.22,156.9
74,2024-01-07,afternoon,67,male,daily_needs,Notebooks,General,3,477.3,234.89,247.1
74,2024-01-07,afternoon,45,female,weekend,Milk,General,3,746.93,780.84,104.41
75,2024-01-13,afternoon,38,male,weekend,Cheese,General,1,961.6,513.46,143.89
75,2024-01-13,afternoon,77,male,holiday,Cookies,General,1,852.14,143.18,295.3
76,2024-01-17,morning,73,male,daily_needs,Cola,General,1,818.44,122.6,211.75
76,2024-01-17,morning,67,female,daily_needs,Textbooks,General,3,520.68,417.03,280.05
77,2024-01-19,morning,41,male,daily_needs,Milk,General,1,533.15,418.22,284.78
77,2024-01-19,morning,53,male,holiday,Apples,General,3,678.3,225.94,169.64
78,2024-01-04,morning,79,female,weekend,Eggs,General,1,661.71,553.79,116.78
78,2024-01-04,morning,67,female,daily_needs,Textbooks,General,3,980.97,621.79,332.97
79,2024-01-22,afternoon,69,female,daily_needs,Butter,General,3,892.58,663.52,214.36
79,2024-01-22,afternoon,49,female,holiday,Apples,General,3,854.19,922.98,200.9
79,2024-01-22,afternoon,30,female,daily_needs,Eggs,General,2,849.9,742.07,410.58
80,2024-01-19,evening,40,female,daily_needs,Cola,General,2,565.13,610.83,303.34
80,2024-01-19,evening,71,male,holiday,Bread,General,1,139.07,598.31,450.86
80,2024-01-19,evening,54,male,weekend,Cookies,General,2,58.87,284.34,390.58
81,2024-01-09,morning,69,female,weekend,Notebooks,General,2,772.94,83.55,398.29
81,2024-01-09,morning,31,male,weekend,Eggs,General,1,399.54,360.59,159.56
81,2024-01-09,morning,72,female,holiday,Bread,General,1,168.48,416.11,357.35
81,2024-01-09,morning,27,female,weekend,Pens,General,3,180.93,679.89,100.75
81,2024-01-09,morning,56,male,weekend,Bananas,General,2,208.54,222.25,255.07
82,2024-01-28,evening,77,male,daily_needs,Pens,General,3,123.21,105.62,233.7
82,2024-01-28,evening,47,female,weekend,Bread,General,1,799.18,541.41,276.08
83,2024-01-17,morning,23,female,holiday,Butter,General,3,701.62,991.57,398.89
83,2024-01-17,morning,56,male,weekend,Notebooks,General,1,225.25,394.12,233.8
84,2024-01-20,morning,66,male,weekend,Chips,General,1,720.72,649.61,119.94
84,2024-01-20,morning,56,female,holiday,Eggs,General,1,791.2,56.68,122.91
85,2024-01-03,evening,72,female,weekend,Bread,General,2,308.35,771.43,279.9
85,2024-01-03,evening,30,female,daily_needs,Cheese,General,1,860.44,94.18,347.88
86,2024-01-21,evening,59,female,weekend,Pens,General,1,519.76,980.57,157.99
86,2024-01-21,evening,40,female,daily_needs,Chips,General,1,490.74,973.41,343.41
87,2024-01-28,afternoon,75,male,daily_needs,Notebooks,General,3,722.44,566.36,132.69
87,2024-01-28,afternoon,23,female,daily_needs,Cheese,General,2,207.49,948.41,439.99
88,2024-01-07,morning,38,female,weekend,Butter,General,3,770.5,766.4,107.18
88,2024-01-07,morning,57,male,holiday,Bread,General,2,203.54,292.72,478.66
88,2024-01-07,morning,57,female,weekend,Pens,General,1,75.81,111.94,285.57
89,2024-01-11,evening,73,female,weekend,Butter,General,1,598.71,652.85,419.17
89,2024-01-11,evening,64,male,weekend,Cookies,General,2,200.06,711.1,417.3
89,2024-01-11,evening,24,female,holiday,Chips,General,1,910.84,313.06,493.41
90,2024-01-14,evening,72,female,daily_needs,Cola,General,3,511.09,166.31,390.07
90,2024-01-14,evening,51,female,weekend,Milk,General,2,456.12,204.12,105.04
91,2024-01-19,afternoon,77,female,daily_needs,Apples,General,3,906.23,669.08,225.62
91,2024-01-19,afternoon,41,female,weekend,Cookies,General,3,885.83,549.16,197.74
92,2024-01-17,afternoon,22,female,holiday,Pens,General,2,980.15,652.44,150.51
92,2024-01-17,afternoon,33,female,weekend,Folders,General,3,702.01,116.16,169.95
93,2024-01-14,morning,69,female,daily_needs,Notebooks,General,3,817.03,106.14,459.54
93,2024-01-14,morning,68,male,weekend,Chips,General,3,50.18,210.63,255.9
93,2024-01-14,morning,63,female,weekend,Textbooks,General,1,569.32,411.38,490.72
94,2024-01-19,afternoon,26,female,daily_needs,Folders,General,3,640.28,581.23,351.3
94,2024-01-19,afternoon,74,female,holiday,Textbooks,General,3,477.35,257.52,148.1
95,2024-01-09,afternoon,21,male,weekend,Cola,General,1,363.89,373.39,495.61
95,2024-01-09,afternoon,72,female,daily_needs,Milk,General,2,804.85,82.94,333.12
96,2024-01-17,evening,51,female,daily_needs,Folders,General,1,709.73,128.1,464.27
96,2024-01-17,evening,63,male,holiday,Chips,General,1,373.77,206.58,168.23
96,2024-01-17,evening,38,male,weekend,Cookies,General,1,717.5,275.56,304.95
96,2024-01-17,evening,45,female,weekend,Bananas,General,1,972.23,299.54,208.63
96,2024-01-17,evening,44,male,daily_needs,Apples,General,1,305.51,436.62,456.59
97,2024-01-08,evening,31,male,daily_needs,Bananas,General,1,540.74,55.23,103.07
97,2024-01-08,evening,79,female,holiday,Chips,General,1,371.92,812.46,328.82
98,2024-01-07,morning,30,female,holiday,Milk,General,2,993.18,174.91,209.89
98,2024-01-07,morning,18,female,holiday,Bananas,General,1,728.33,627.51,223.75
99,2024-01-01,afternoon,53,female,daily_needs,Textbooks,General,3,616.51,572.1,460.13
99,2024-01-01,afternoon,29,female,holiday,Cheese,General,3,762.36,442.04,358.44
99,2024-01-01,afternoon,27,female,holiday,Notebooks,General,3,618.76,527.05,155.55
100,2024-01-11,evening,18,male,daily_needs,Folders,General,3,91.55,166.85,323.46
100,2024-01-11,evening,48,male,holiday,Cookies,General,1,114.02,418.02,440.74
101,2024-01-23,evening,57,male,weekend,Folders,General,3,621.02,720.31,375.36
101,2024-01-23,evening,56,female,daily_needs,Bread,General,3,185.46,895.59,238.35
102,2024-01-04,evening,66,male,weekend,Textbooks,General,1,267.06,978.58,312.77
102,2024-01-04,evening,62,female,weekend,Chips,General,3,248.42,929.36,265.66
103,2024-01-28,afternoon,26,male,daily_needs,Bread,General,1,626.53,194.01,112.38
103,2024-01-28,afternoon,49,female,weekend,Bananas,General,1,196.44,576.03,316.68
104,2024-01-01,evening,45,male,daily_needs,Cookies,General,3,193.0,825.92,182.92
104,2024-01-01,evening,78,male,holiday,Apples,General,2,642.24,590.91,348.26
104,2024-01-01,evening,54,male,daily_needs,Chips,General,1,501.77,565.87,191.1
105,2024-01-12,afternoon,23,male,holiday,Cookies,General,3,537.26,138.99,401.85
105,2024-01-12,afternoon,23,male,holiday,Binders,General,2,516.85,546.32,325.08
105,2024-01-12,afternoon,40,male,holiday,Chips,General,3,922.8,394.15,390.29
105,2024-01-12,afternoon,70,female,holiday,Bread,General,2,471.28,622.01,336.56
106,2024-01-14,evening,78,male,holiday,Milk,General,2,503.0,703.34,389.08
106,2024-01-14,evening,71,female,weekend,Pens,General,2,662.25,828.81,233.36
106,2024-01-14,evening,52,female,weekend,Notebooks,General,1,803.72,991.02,180.26
107,2024-01-01,morning,53,male,weekend,Pens,General,3,134.17,513.25,131.06
107,2024-01-01,morning,21,female,holiday,Milk,General,2,340.83,571.67,352.84
107,2024-01-01,morning,30,male,weekend,Notebooks,General,1,957.36,546.45,219.83
107,2024-01-01,morning,57,male,holiday,Cola,General,2,804.79,721.73,120.09
107,2024-01-01,morning,19,female,daily_needs,Apples,General,3,250.56,870.23,260.52
108,2024-01-19,morning,70,male,daily_needs,Eggs,General,1,166.77,894.23,301.23
108,2024-01-19,morning,79,female,weekend,Cheese,General,2,118.19,698.49,196.77
109,2024-01-09,evening,29,male,holiday,Cheese,General,1,50.13,535.57,118.74
109,2024-01-09,evening,49,female,weekend,Bread,General,1,109.56,847.37,101.53
109,2024-01-09,evening,22,female,daily_needs,Cola,General,1,934.34,835.38,151.97
110,2024-01-26,evening,46,male,holiday,Butter,General,1,718.66,54.15,166.78
110,2024-01-26,evening,38,male,daily_needs,Textbooks,General,1,967.75,772.99,480.31
111,2024-01-16,evening,35,female,weekend,Cookies,General,3,401.32,99.74,407.03
111,2024-01-16,evening,35,male,daily_needs,Cola,General,3,733.67,402.6,447.91
111,2024-01-16,evening,71,female,weekend,Bananas,General,1,806.43,766.32,114.38
112,2024-01-03,evening,30,male,daily_needs,Textbooks,General,2,792.91,566.62,139.95
112,2024-01-03,evening,27,female,daily_needs,Pens,General,1,915.52,846.35,383.75
113,2024-01-06,afternoon,18,female,holiday,Bananas,General,3,258.82,174.94,442.85
113,2024-01-06,afternoon,71,male,weekend,Cola,General,3,413.45,399.35,172.7
113,2024-01-06,afternoon,24,female,daily_needs,Milk,General,1,784.48,542.06,239.24
114,2024-01-04,evening,57,male,daily_needs,Pens,General,1,940.51,623.13,289.36
114,2024-01-04,evening,77,male,weekend,Milk,General,2,990.7,277.2,312.29
115,2024-01-11,evening,30,male,holiday,Eggs,General,3,690.42,296.91,238.08
115,2024-01-11,evening,69,female,weekend,Butter,General,1,895.63,722.34,124.88
115,2024-01-11,evening,66,female,daily_needs,Cheese,General,1,475.29,177.56,483.17
116,2024-01-30,morning,20,female,weekend,Bread,General,1,507.27,902.79,369.74
116,2024-01-30,morning,34,female,holiday,Cheese,General,1,550.87,422.27,363.65
117,2024-01-06,evening,71,female,weekend,Notebooks,General,2,230.6,802.97,463.16
117,2024-01-06,evening,51,male,holiday,Apples,General,3,545.39,978.44,402.92
118,2024-01-04,afternoon,54,female,weekend,Cola,General,3,652.65,260.97,228.67
118,2024-01-04,afternoon,19,male,holiday,Folders,General,2,457.27,77.71,292.36
119,2024-01-30,morning,52,male,daily_needs,Notebooks,General,3,598.27,389.27,415.02
119,2024-01-30,morning,69,male,daily_needs,Binders,General,3,444.82,854.91,460.89
119,2024-01-30,morning,43,male,holiday,Pens,General,2,847.83,764.18,191.48
120,2024-01-28,morning,24,male,holiday,Bananas,General,3,853.56,430.89,405.24
120,2024-01-28,morning,40,female,holiday,Bread,General,2,244.45,611.57,174.45
120,2024-01-28,morning,36,female,holiday,Folders,General,2,246.72,117.6,127.6
120,2024-01-28,morning,32,male,daily_needs,Binders,General,1,438.94,820.33,434.33
121,2024-01-30,morning,70,female,daily_needs,Pens,General,1,610.91,108.26,244.87
121,2024-01-30,morning,74,female,holiday,Apples,General,3,338.99,338.75,192.17
122,2024-01-30,afternoon,54,male,holiday,Cookies,General,3,222.53,402.39,460.78
122,2024-01-30,afternoon,71,female,holiday,Chips,General,2,423.54,611.11,364.41
123,2024-01-21,evening,54,female,daily_needs,Bananas,General,1,723.07,213.48,488.97
123,2024-01-21,evening,41,female,holiday,Eggs,General,3,488.63,924.94,377.84
124,2024-01-17,morning,29,female,holiday,Pens,General,1,949.74,521.45,252.21
124,2024-01-17,morning,32,female,weekend,Cheese,General,1,73.93,847.05,104.57
124,2024-01-17,morning,75,male,weekend,Notebooks,General,2,465.78,273.22,381.95
125,2024-01-12,evening,33,male,holiday,Bananas,General,2,818.35,693.29,350.01
125,2024-01-12,evening,19,female,weekend,Folders,General,3,526.44,117.35,225.15
125,2024-01-12,evening,72,male,weekend,Milk,General,3,910.78,61.55,369.61
126,2024-01-01,evening,79,female,daily_needs,Cheese,General,3,693.66,118.51,182.16
126,2024-01-01,evening,56,female,daily_needs,Bananas,General,1,795.62,746.81,146.48
127,2024-01-26,afternoon,22,female,weekend,Cheese,General,1,750.99,719.33,269.09
127,2024-01-26,afternoon,44,male,holiday,Pens,General,3,625.21,540.95,396.06
127,2024-01-26,afternoon,19,female,weekend,Textbooks,General,2,970.11,623.46,130.79
128,2024-01-15,afternoon,44,female,daily_needs,Bananas,General,1,688.45,604.38,310.3
128,2024-01-15,afternoon,76,female,weekend,Bread,General,1,215.38,161.21,279.63
129,2024-01-04,morning,24,male,daily_needs,Bananas,General,3,959.7,429.08,435.92
129,2024-01-04,morning,59,female,weekend,Notebooks,General,2,146.8,57.9,273.43
130,2024-01-20,afternoon,62,female,holiday,Binders,General,1,827.45,97.52,464.61
130,2024-01-20,afternoon,50,male,weekend,Milk,General,1,123.29,915.61,241.94
131,2024-01-03,afternoon,27,female,daily_needs,Chips,General,3,751.02,545.38,127.38
131,2024-01-03,afternoon,59,male,daily_needs,Notebooks,General,1,605.23,561.42,207.54
132,2024-01-28,afternoon,60,male,holiday,Bread,General,2,833.51,327.76,277.57
132,2024-01-28,afternoon,74,male,weekend,Textbooks,General,3,103.37,516.54,470.84
133,2024-01-18,morning,24,male,daily_needs,Eggs,General,3,700.88,154.91,215.67
133,2024-01-18,morning,21,female,holiday,Binders,General,2,558.78,389.04,241.52
134,2024-01-19,afternoon,62,male,holiday,Pens,General,2,545.52,804.76,453.75
134,2024-01-19,afternoon,29,male,holiday,Cheese,General,2,467.25,630.02,164.15
134,2024-01-19,afternoon,54,male,daily_needs,Cola,General,2,415.56,514.91,271.84
135,2024-01-26,afternoon,27,male,holiday,Notebooks,General,2,543.26,627.37,198.14
135,2024-01-26,afternoon,72,male,weekend,Bananas,General,3,272.49,258.58,483.95
135,2024-01-26,afternoon,25,male,daily_needs,Textbooks,General,1,444.99,457.5,316.36
136,2024-01-29,morning,56,female,weekend,Bananas,General,1,245.94,422.27,458.27
136,2024-01-29,morning,24,female,daily_needs,Binders,General,3,448.31,67.22,417.1
136,2024-01-29,morning,42,male,daily_needs,Cookies,General,3,582.64,647.01,375.45
137,2024-01-07,morning,31,male,holiday,Cola,General,3,862.23,888.43,286.52
137,2024-01-07,morning,70,female,weekend,Milk,General,1,813.36,906.69,181.39
138,2024-01-15,afternoon,37,female,daily_needs,Notebooks,General,3,90.7,474.07,128.0
138,2024-01-15,afternoon,31,female,holiday,Cheese,General,3,401.1,491.03,389.1
139,2024-01-05,afternoon,65,male,weekend,Cheese,General,3,693.6,770.58,105.85
139,2024-01-05,afternoon,36,female,daily_needs,Cola,General,3,211.39,235.23,456.16
139,2024-01-05,afternoon,46,female,daily_needs,Apples,General,3,625.14,461.5,409.72
140,2024-01-12,afternoon,27,female,holiday,Textbooks,General,3,580.03,605.43,153.46
140,2024-01-12,afternoon,68,female,holiday,Eggs,General,2,960.57,459.53,319.74
140,2024-01-12,afternoon,74,male,holiday,Milk,General,2,760.82,263.79,311.49
141,2024-01-24,afternoon,37,female,daily_needs,Cookies,General,1,460.73,79.59,203.83
141,2024-01-24,afternoon,23,male,daily_needs,Bread,General,3,833.11,648.54,443.25
141,2024-01-24,afternoon,65,female,daily_needs,Cheese,General,2,893.71,359.03,460.38
142,2024-01-27,evening,49,male,weekend,Notebooks,General,3,997.75,279.42,116.14
142,2024-01-27,evening,78,male,daily_needs,Cola,General,3,71.3,392.41,413.5
142,2024-01-27,evening,28,female,holiday,Bananas,General,1,270.42,63.66,405.74
142,2024-01-27,evening,67,male,holiday,Pens,General,3,536.05,55.08,475.37
142,2024-01-27,evening,22,male,daily_needs,Eggs,General,2,421.06,115.86,355.33
143,2024-01-05,evening,68,male,weekend,Butter,General,2,814.19,729.35,337.26
143,2024-01-05,evening,28,female,holiday,Binders,General,1,691.05,693.66,249.25
143,2024-01-05,evening,40,male,daily_needs,Bread,General,1,101.67,662.04,489.7
144,2024-01-14,afternoon,67,female,weekend,Butter,General,1,629.21,714.66,435.26
144,2024-01-14,afternoon,71,female,weekend,Chips,General,2,559.14,514.07,260.75
145,2024-01-30,afternoon,34,female,holiday,Bananas,General,2,676.09,250.67,445.2
145,2024-01-30,afternoon,64,female,holiday,Pens,General,1,810.07,890.35,150.09
146,2024-01-17,morning,59,female,daily_needs,Milk,General,3,574.28,799.94,266.49
146,2024-01-17,morning,75,female,holiday,Textbooks,General,2,305.13,145.93,167.0
147,2024-01-04,morning,78,male,daily_needs,Notebooks,General,2,818.57,189.58,237.06
147,2024-01-04,morning,41,male,holiday,Bread,General,2,510.31,337.3,325.36
148,2024-01-09,afternoon,39,male,daily_needs,Eggs,General,2,683.85,788.2,444.88
148,2024-01-09,afternoon,32,male,holiday,Folders,General,3,848.1,989.98,455.81
148,2024-01-09,afternoon,37,female,holiday,Binders,General,1,514.92,754.56,297.03
149,2024-01-13,morning,34,male,daily_needs,Butter,General,2,589.34,600.35,295.85
149,2024-01-13,morning,48,female,holiday,Apples,General,1,754.52,315.45,152.66
150,2024-01-10,evening,20,female,holiday,Bananas,General,1,742.99,594.56,235.06
150,2024-01-10,evening,69,male,holiday,Textbooks,General,1,290.01,544.07,308.78
150,2024-01-10,evening,39,female,daily_needs,Eggs,General,1,877.14,802.97,350.93
151,2024-01-07,morning,54,male,daily_needs,Binders,General,1,196.77,512.9,271.99
151,2024-01-07,morning,34,female,holiday,Textbooks,General,1,780.98,427.97,431.02
151,2024-01-07,morning,30,male,daily_needs,Folders,General,2,244.23,373.39,304.23
152,2024-01-12,morning,52,male,weekend,Cheese,General,1,369.21,492.4,409.35
152,2024-01-12,morning,74,male,holiday,Textbooks,General,2,710.84,630.23,179.94
153,2024-01-22,evening,25,male,daily_needs,Eggs,General,3,447.65,327.89,232.88
153,2024-01-22,evening,19,male,holiday,Cheese,General,3,302.22,630.89,371.4
154,2024-01-17,afternoon,58,female,holiday,Pens,General,2,804.76,314.22,156.9
154,2024-01-17,afternoon,73,male,daily_needs,Cookies,General,2,376.22,842.84,474.19
155,2024-01-26,evening,41,female,weekend,Cola,General,2,909.53,665.14,209.22
155,2024-01-26,evening,36,male,daily_needs,Folders,General,3,769.2,102.83,102.75
156,2024-01-03,afternoon,75,male,daily_needs,Cheese,General,1,831.37,214.68,294.33
156,2024-01-03,afternoon,69,female,daily_needs,Apples,General,3,952.4,180.23,393.55
157,2024-01-03,evening,57,female,weekend,Notebooks,General,1,945.53,128.6,201.58
157,2024-01-03,evening,22,female,daily_needs,Textbooks,General,1,490.78,162.77,492.23
158,2024-01-30,afternoon,26,male,holiday,Eggs,General,2,459.67,380.14,120.14
158,2024-01-30,afternoon,69,male,daily_needs,Apples,General,3,257.35,989.96,329.77
159,2024-01-17,morning,55,male,weekend,Eggs,General,1,848.86,260.18,252.4
159,2024-01-17,morning,78,male,weekend,Cookies,General,1,415.38,486.17,221.31
160,2024-01-18,evening,35,female,daily_needs,Textbooks,General,1,729.02,115.03,267.07
160,2024-01-18,evening,72,male,holiday,Cheese,General,3,941.56,678.69,130.72
160,2024-01-18,evening,36,female,holiday,Notebooks,General,2,841.96,823.94,344.73
161,2024-01-04,afternoon,62,female,daily_needs,Notebooks,General,2,579.19,269.81,300.97
161,2024-01-04,afternoon,60,male,daily_needs,Binders,General,3,259.42,891.87,473.72
162,2024-01-13,afternoon,40,male,weekend,Eggs,General,2,946.02,275.29,143.05
162,2024-01-13,afternoon,46,male,weekend,Bread,General,2,852.0,509.82,305.64
162,2024-01-13,afternoon,54,female,weekend,Cookies,General,3,581.44,837.06,385.14
163,2024-01-11,evening,30,male,weekend,Cola,General,3,997.74,231.58,283.86
163,2024-01-11,evening,35,male,holiday,Bananas,General,1,238.19,112.41,454.85
163,2024-01-11,evening,22,male,holiday,Milk,General,2,787.48,173.98,326.17
164,2024-01-11,evening,28,male,daily_needs,Cookies,General,2,975.96,178.69,192.59
164,2024-01-11,evening,19,female,daily_needs,Textbooks,General,2,930.57,253.01,268.0
165,2024-01-08,evening,24,male,holiday,Binders,General,3,572.38,98.04,270.45
165,2024-01-08,evening,79,male,daily_needs,Bread,General,3,263.1,264.78,426.92
166,2024-01-04,evening,64,female,holiday,Milk,General,1,593.4,815.16,404.06
166,2024-01-04,evening,69,male,daily_needs,Cheese,General,2,379.23,437.33,150.23
166,2024-01-04,evening,35,male,weekend,Notebooks,General,2,422.32,712.31,177.37
167,2024-01-04,morning,67,female,daily_needs,Milk,General,3,751.05,392.45,368.51
167,2024-01-04,morning,46,female,weekend,Bread,General,1,992.95,198.39,495.37
168,2024-01-07,afternoon,70,male,holiday,Cookies,General,1,172.72,144.57,341.28
168,2024-01-07,afternoon,64,female,holiday,Bananas,General,1,895.42,992.36,217.63
168,2024-01-07,afternoon,45,male,weekend,Bread,General,3,290.38,872.28,141.14
168,2024-01-07,afternoon,43,male,weekend,Cola,General,3,965.63,178.33,160.71
169,2024-01-13,morning,73,male,weekend,Bananas,General,2,288.53,667.9,184.93
169,2024-01-13,morning,74,female,weekend,Cheese,General,3,157.77,997.06,173.38
169,2024-01-13,morning,42,female,daily_needs,Chips,General,2,63.0,127.52,203.44
170,2024-01-28,morning,37,male,holiday,Textbooks,General,1,115.92,135.38,340.36
170,2024-01-28,morning,31,female,weekend,Butter,General,2,186.12,728.98,217.34
171,2024-01-08,morning,68,female,holiday,Folders,General,3,90.35,700.39,461.08
171,2024-01-08,morning,40,female,daily_needs,Textbooks,General,3,169.96,822.76,469.7
172,2024-01-17,evening,45,male,weekend,Binders,General,2,137.49,824.51,457.76
172,2024-01-17,evening,37,male,daily_needs,Notebooks,General,1,575.46,821.65,253.62
173,2024-01-20,evening,63,male,daily_needs,Cola,General,3,360.59,340.46,261.08
173,2024-01-20,evening,46,female,weekend,Folders,General,1,709.92,396.44,395.4
173,2024-01-20,evening,22,male,daily_needs,Milk,General,1,813.89,454.64,497.87
174,2024-01-26,evening,40,male,daily_needs,Bread,General,1,131.73,104.18,142.19
174,2024-01-26,evening,29,male,holiday,Folders,General,3,272.05,655.89,428.03
175,2024-01-12,morning,43,female,weekend,Folders,General,3,944.5,553.23,392.96
175,2024-01-12,morning,33,male,daily_needs,Milk,General,1,841.54,337.87,486.62
176,2024-01-25,afternoon,71,male,holiday,Pens,General,1,530.64,203.83,363.24
176,2024-01-25,afternoon,34,male,weekend,Folders,General,2,944.0,879.02,280.83
177,2024-01-17,afternoon,58,female,weekend,Binders,General,1,621.72,602.65,260.58
177,2024-01-17,afternoon,69,male,daily_needs,Chips,General,1,691.84,86.18,347.99
177,2024-01-17,afternoon,71,female,daily_needs,Pens,General,3,615.47,878.32,330.79
177,2024-01-17,afternoon,78,female,holiday,Cheese,General,2,553.47,694.47,337.11
178,2024-01-30,afternoon,39,male,weekend,Chips,General,2,391.8,341.62,178.08
178,2024-01-30,afternoon,78,male,holiday,Cookies,General,2,988.36,359.4,257.65
179,2024-01-07,evening,26,female,daily_needs,Bananas,General,3,265.36,588.55,240.62
179,2024-01-07,evening,19,female,holiday,Notebooks,General,1,160.64,170.74,175.71
180,2024-01-02,afternoon,61,male,weekend,Cookies,General,2,795.19,618.63,265.66
180,2024-01-02,afternoon,33,male,weekend,Folders,General,3,624.84,259.46,350.26
181,2024-01-29,evening,76,male,holiday,Eggs,General,3,755.18,281.95,339.2
181,2024-01-29,evening,29,male,weekend,Bread,General,1,954.79,889.39,208.25
182,2024-01-25,morning,24,male,holiday,Apples,General,2,831.22,907.63,309.96
182,2024-01-25,morning,61,male,weekend,Chips,General,3,609.75,481.56,280.63
183,2024-01-13,afternoon,60,female,weekend,Notebooks,General,3,53.98,686.91,356.73
183,2024-01-13,afternoon,44,female,holiday,Milk,General,1,444.67,72.8,234.15
183,2024-01-13,afternoon,63,male,weekend,Binders,General,3,969.41,572.37,485.26
184,2024-01-12,evening,64,male,weekend,Textbooks,General,3,382.44,793.3,497.01
184,2024-01-12,evening,70,female,weekend,Binders,General,2,839.09,263.42,259.73
185,2024-01-28,evening,76,female,daily_needs,Chips,General,2,106.64,707.45,155.99
185,2024-01-28,evening,52,female,weekend,Bread,General,1,637.68,590.12,123.67
186,2024-01-19,evening,40,male,holiday,Folders,General,3,609.57,941.73,239.94
186,2024-01-19,evening,32,male,daily_needs,Cola,General,1,238.87,349.26,189.84
187,2024-01-21,evening,43,female,daily_needs,Pens,General,1,468.51,351.44,464.78
187,2024-01-21,evening,45,male,daily_needs,Textbooks,General,2,323.78,56.14,298.5
188,2024-01-20,morning,78,female,daily_needs,Cola,General,3,901.75,236.48,109.03
188,2024-01-20,morning,77,female,holiday,Pens,General,2,896.13,617.1,424.06
189,2024-01-21,afternoon,75,female,daily_needs,Butter,General,3,133.4,213.24,307.23
189,2024-01-21,afternoon,69,female,daily_needs,Textbooks,General,1,624.6,418.08,445.39
190,2024-01-04,morning,59,male,weekend,Apples,General,1,322.86,885.76,119.69
190,2024-01-04,morning,63,female,daily_needs,Notebooks,General,2,293.38,259.62,155.25
191,2024-01-21,evening,40,male,weekend,Bread,General,2,792.8,777.57,376.66
191,2024-01-21,evening,67,female,holiday,Apples,General,1,223.34,966.95,271.27
191,2024-01-21,evening,45,female,holiday,Binders,General,2,398.61,189.87,182.63
192,2024-01-17,afternoon,36,female,holiday,Milk,General,2,372.28,109.31,294.47
192,2024-01-17,afternoon,57,male,weekend,Notebooks,General,3,881.71,337.34,443.48
193,2024-01-26,evening,68,female,weekend,Binders,General,3,218.27,54.88,278.16
193,2024-01-26,evening,65,male,weekend,Cola,General,3,764.23,821.35,478.3
193,2024-01-26,evening,49,female,holiday,Notebooks,General,3,175.1,719.79,396.79
194,2024-01-10,evening,70,male,weekend,Milk,General,3,734.36,535.56,341.73
194,2024-01-10,evening,52,female,daily_needs,Butter,General,3,723.92,150.13,435.54
194,2024-01-10,evening,65,male,daily_needs,Chips,General,3,184.89,339.03,155.7
195,2024-01-30,morning,69,male,daily_needs,Chips,General,1,103.35,292.86,311.03
195,2024-01-30,morning,46,female,weekend,Pens,General,2,489.46,81.6,148.76
196,2024-01-22,morning,52,male,weekend,Notebooks,General,2,689.87,180.49,210.75
196,2024-01-22,morning,72,female,daily_needs,Cheese,General,3,354.81,616.25,498.29
197,2024-01-22,afternoon,51,male,daily_needs,Cola,General,2,746.22,882.38,389.11
197,2024-01-22,afternoon,50,male,daily_needs,Folders,General,2,119.35,756.83,384.4
198,2024-01-11,morning,56,male,weekend,Binders,General,1,868.37,872.73,103.96
198,2024-01-11,morning,75,female,weekend,Cheese,General,3,817.66,354.69,324.97
199,2024-01-06,evening,37,female,holiday,Textbooks,General,2,992.29,953.83,154.81
199,2024-01-06,evening,64,male,holiday,Bananas,General,2,577.77,326.79,266.96
200,2024-01-14,afternoon,40,male,holiday,Notebooks,General,2,920.02,732.04,213.44
200,2024-01-14,afternoon,74,female,weekend,Cookies,General,3,772.84,90.6,445.86
201,2024-01-17,evening,74,male,holiday,Cola,General,3,239.26,319.98,215.59
201,2024-01-17,evening,63,male,weekend,Binders,General,2,473.18,612.61,380.37
202,2024-01-13,afternoon,50,male,holiday,Cookies,General,2,249.4,297.87,487.85
202,2024-01-13,afternoon,50,male,daily_needs,Cola,General,3,422.61,950.39,156.48
203,2024-01-03,evening,75,female,holiday,Notebooks,General,2,927.87,829.31,324.75
203,2024-01-03,evening,69,female,weekend,Chips,General,3,638.21,833.57,375.52
203,2024-01-03,evening,38,female,daily_needs,Eggs,General,1,236.85,275.61,219.96
204,2024-01-26,afternoon,50,male,weekend,Apples,General,1,629.32,278.76,254.72
204,2024-01-26,afternoon,62,female,weekend,Folders,General,1,135.27,915.28,102.42
205,2024-01-29,evening,41,female,daily_needs,Notebooks,General,1,235.69,207.92,466.6
205,2024-01-29,evening,35,male,daily_needs,Bananas,General,2,771.83,371.88,480.82
206,2024-01-28,afternoon,66,female,daily_needs,Apples,General,3,384.07,914.07,327.58
206,2024-01-28,afternoon,50,female,daily_needs,Folders,General,3,738.86,806.49,433.17
206,2024-01-28,afternoon,25,female,daily_needs,Cola,General,2,642.05,754.55,422.04
207,2024-01-11,afternoon,43,female,weekend,Milk,General,3,510.46,75.52,252.19
207,2024-01-11,afternoon,20,female,daily_needs,Notebooks,General,2,959.28,455.75,290.04
207,2024-01-11,afternoon,29,female,daily_needs,Cheese,General,1,637.38,696.64,366.69
208,2024-01-23,evening,29,female,weekend,Binders,General,2,594.89,374.56,359.39
208,2024-01-23,evening,23,male,weekend,Butter,General,2,361.45,824.96,338.92
209,2024-01-26,evening,22,male,daily_needs,Bread,General,1,163.15,183.52,214.59
209,2024-01-26,evening,43,male,daily_needs,Milk,General,1,581.76,865.04,366.77
210,2024-01-19,evening,18,female,holiday,Eggs,General,2,207.94,410.75,346.88
210,2024-01-19,evening,21,female,daily_needs,Textbooks,General,3,926.47,774.1,336.69
211,2024-01-10,morning,29,male,weekend,Bananas,General,2,762.46,814.86,154.74
211,2024-01-10,morning,47,male,holiday,Bread,General,3,323.49,738.46,434.57
212,2024-01-21,afternoon,74,female,holiday,Butter,General,1,457.69,121.15,142.46
212,2024-01-21,afternoon,49,female,weekend,Eggs,General,3,292.59,836.58,251.2
212,2024-01-21,afternoon,59,female,daily_needs,Chips,General,3,802.34,432.19,269.98
213,2024-01-29,afternoon,71,female,weekend,Apples,General,2,349.76,151.29,246.72
213,2024-01-29,afternoon,27,male,daily_needs,Notebooks,General,3,875.13,586.41,306.65
214,2024-01-08,morning,35,male,daily_needs,Apples,General,2,569.09,287.26,237.31
214,2024-01-08,morning,43,female,holiday,Notebooks,General,2,539.01,144.6,106.41
215,2024-01-05,morning,28,female,daily_needs,Chips,General,1,174.72,344.21,180.72
215,2024-01-05,morning,24,female,holiday,Cola,General,3,644.2,197.11,249.2
215,2024-01-05,morning,21,male,weekend,Cheese,General,1,88.32,359.86,287.42
215,2024-01-05,morning,62,male,holiday,Bread,General,3,248.64,173.84,181.41
216,2024-01-28,afternoon,73,male,daily_needs,Cheese,General,2,938.62,763.85,476.53
216,2024-01-28,afternoon,65,female,weekend,Milk,General,3,941.27,311.79,232.87
216,2024-01-28,afternoon,73,male,daily_needs,Textbooks,General,3,244.56,808.1,395.42
217,2024-01-29,morning,70,female,holiday,Butter,General,3,565.44,670.91,209.6
217,2024-01-29,morning,31,female,daily_needs,Notebooks,General,1,176.68,280.42,216.68
218,2024-01-26,evening,66,female,weekend,Chips,General,3,448.37,716.04,264.29
218,2024-01-26,evening,24,male,weekend,Binders,General,1,707.13,678.28,115.36
218,2024-01-26,evening,48,male,holiday,Folders,General,3,526.85,914.43,386.9
219,2024-01-12,morning,72,male,holiday,Butter,General,3,259.68,200.53,124.88
219,2024-01-12,morning,40,female,daily_needs,Binders,General,1,326.33,495.94,443.14
220,2024-01-05,afternoon,72,female,weekend,Cookies,General,1,220.21,896.58,284.14
220,2024-01-05,afternoon,55,male,holiday,Folders,General,1,141.86,734.43,212.73
221,2024-01-19,evening,53,female,daily_needs,Cheese,General,1,773.8,898.64,273.14
221,2024-01-19,evening,66,female,weekend,Pens,General,2,534.17,913.42,414.08
222,2024-01-29,morning,36,female,daily_needs,Binders,General,1,608.25,829.56,256.91
222,2024-01-29,morning,57,male,daily_needs,Notebooks,General,3,389.87,110.71,129.73
223,2024-01-19,evening,73,male,weekend,Chips,General,3,629.69,945.25,415.28
223,2024-01-19,evening,44,male,weekend,Folders,General,3,703.92,761.26,185.26
224,2024-01-09,morning,21,male,weekend,Binders,General,1,539.41,990.77,344.54
224,2024-01-09,morning,34,female,holiday,Cheese,General,3,62.98,900.94,111.58
224,2024-01-09,morning,26,male,daily_needs,Milk,General,3,597.66,374.97,423.99
225,2024-01-29,morning,35,female,weekend,Butter,General,3,732.11,403.44,136.98
225,2024-01-29,morning,55,male,holiday,Binders,General,1,873.71,281.8,486.69
226,2024-01-16,evening,37,male,weekend,Folders,General,3,96.83,416.97,241.39
226,2024-01-16,evening,74,male,weekend,Bread,General,1,725.6,56.46,405.54
226,2024-01-16,evening,56,female,weekend,Textbooks,General,2,546.37,658.97,414.53
226,2024-01-16,evening,24,female,daily_needs,Apples,General,3,857.45,411.85,298.42
227,2024-01-19,afternoon,20,male,daily_needs,Bread,General,1,639.22,567.56,150.26
227,2024-01-19,afternoon,56,female,daily_needs,Eggs,General,2,772.31,736.29,102.96
228,2024-01-04,morning,63,female,daily_needs,Textbooks,General,3,662.26,223.72,192.96
228,2024-01-04,morning,34,male,weekend,Milk,General,1,788.83,264.55,170.41
229,2024-01-24,morning,27,male,daily_needs,Milk,General,2,589.86,310.93,289.77
229,2024-01-24,morning,22,female,holiday,Binders,General,2,894.55,590.84,352.69
229,2024-01-24,morning,51,male,holiday,Notebooks,General,3,476.8,331.62,471.86
230,2024-01-06,afternoon,19,female,weekend,Cookies,General,1,466.72,86.82,299.82
230,2024-01-06,afternoon,66,female,daily_needs,Pens,General,2,816.43,289.22,429.5
231,2024-01-09,morning,33,male,daily_needs,Cookies,General,3,463.89,172.63,396.92
231,2024-01-09,morning,78,male,weekend,Folders,General,2,640.44,258.87,277.94
232,2024-01-03,afternoon,73,female,daily_needs,Eggs,General,3,73.41,711.85,390.13
232,2024-01-03,afternoon,38,male,holiday,Cookies,General,2,976.82,112.01,428.74
232,2024-01-03,afternoon,35,male,daily_needs,Chips,General,3,171.93,667.68,492.99
233,2024-01-18,afternoon,29,female,weekend,Chips,General,1,112.75,973.94,244.02
233,2024-01-18,afternoon,27,male,weekend,Pens,General,2,698.39,679.12,386.13
233,2024-01-18,afternoon,61,female,daily_needs,Cookies,General,2,683.59,147.4,104.77
234,2024-01-14,afternoon,42,male,daily_needs,Pens,General,1,688.08,367.21,201.7
234,2024-01-14,afternoon,71,male,daily_needs,Bread,General,2,625.47,650.29,310.82
235,2024-01-14,afternoon,70,male,daily_needs,Bananas,General,1,319.86,995.04,486.62
235,2024-01-14,afternoon,46,male,daily_needs,Cheese,General,3,846.48,729.84,374.78
236,2024-01-22,morning,78,male,weekend,Bananas,General,1,356.21,788.05,128.32
236,2024-01-22,morning,35,male,weekend,Binders,General,2,760.14,858.31,214.45
236,2024-01-22,morning,18,male,daily_needs,Pens,General,3,960.07,81.75,331.92
237,2024-01-22,evening,32,female,holiday,Notebooks,General,1,383.24,841.06,297.36
237,2024-01-22,evening,21,male,daily_needs,Chips,General,3,207.15,52.21,493.57
238,2024-01-07,morning,49,female,weekend,Apples,General,1,948.43,692.98,220.63
238,2024-01-07,morning,73,male,weekend,Chips,General,2,368.9,595.85,305.91
238,2024-01-07,morning,36,male,daily_needs,Cola,General,3,173.8,661.26,178.87
239,2024-01-29,evening,71,female,daily_needs,Textbooks,General,1,896.43,591.02,432.96
239,2024-01-29,evening,31,male,daily_needs,Pens,General,2,707.19,690.58,491.98
240,2024-01-23,afternoon,29,male,daily_needs,Apples,General,1,143.43,476.81,476.2
240,2024-01-23,afternoon,22,male,weekend,Folders,General,1,642.91,500.37,450.27
240,2024-01-23,afternoon,79,male,daily_needs,Bread,General,1,204.43,382.05,226.29
240,2024-01-23,afternoon,59,male,holiday,Pens,General,1,334.58,484.86,138.22
241,2024-01-25,morning,55,male,holiday,Bread,General,2,694.94,274.96,133.59
241,2024-01-25,morning,51,female,daily_needs,Eggs,General,2,989.07,377.09,124.7
241,2024-01-25,morning,50,female,holiday,Cookies,General,2,252.54,792.64,181.5
242,2024-01-29,afternoon,71,male,holiday,Notebooks,General,3,932.33,521.91,437.18
242,2024-01-29,afternoon,75,female,weekend,Bread,General,3,392.77,765.21,300.01
243,2024-01-04,morning,19,male,holiday,Binders,General,2,446.51,187.1,137.42
243,2024-01-04,morning,63,female,weekend,Textbooks,General,1,274.65,250.93,394.41
244,2024-01-08,evening,49,female,holiday,Binders,General,2,548.9,239.65,400.22
244,2024-01-08,evening,77,male,daily_needs,Pens,General,3,884.08,305.73,492.9
245,2024-01-01,evening,60,female,weekend,Binders,General,1,645.46,390.81,498.26
245,2024-01-01,evening,43,female,daily_needs,Cheese,General,1,587.56,920.92,420.33
246,2024-01-06,afternoon,43,male,holiday,Pens,General,2,565.79,172.91,250.33
246,2024-01-06,afternoon,67,male,daily_needs,Cheese,General,1,474.53,789.09,188.19
247,2024-01-16,evening,66,male,holiday,Bread,General,2,967.54,216.05,359.21
247,2024-01-16,evening,28,male,weekend,Butter,General,1,974.2,54.62,265.07
248,2024-01-10,evening,58,male,weekend,Folders,General,1,967.33,374.49,235.4
248,2024-01-10,evening,40,female,weekend,Bread,General,3,834.17,189.28,163.87
249,2024-01-27,afternoon,23,male,daily_needs,Folders,General,1,912.37,133.05,474.6
249,2024-01-27,afternoon,29,male,weekend,Pens,General,2,814.86,857.63,215.66
249,2024-01-27,afternoon,28,male,holiday,Eggs,General,3,192.41,560.7,330.32
250,2024-01-26,morning,22,female,daily_needs,Eggs,General,1,486.58,524.02,128.89
250,2024-01-26,morning,67,male,weekend,Cola,General,1,776.89,511.03,159.75
251,2024-01-25,morning,64,female,holiday,Cookies,General,1,937.7,246.21,394.01
251,2024-01-25,morning,50,female,weekend,Bread,General,2,297.64,332.05,100.25
252,2024-01-05,morning,39,female,daily_needs,Apples,General,2,879.99,170.46,446.64
252,2024-01-05,morning,43,male,holiday,Bread,General,3,202.82,715.33,403.55
252,2024-01-05,morning,31,male,daily_needs,Notebooks,General,1,823.89,939.35,305.41
252,2024-01-05,morning,34,female,weekend,Cheese,General,1,424.48,855.79,297.19
253,2024-01-24,evening,54,female,daily_needs,Pens,General,2,276.9,951.82,222.04
253,2024-01-24,evening,43,male,daily_needs,Cola,General,2,341.73,83.4,229.26
254,2024-01-02,morning,26,female,daily_needs,Cola,General,1,275.68,514.82,214.44
254,2024-01-02,morning,72,male,daily_needs,Bananas,General,2,921.22,604.25,285.04
255,2024-01-27,morning,49,female,weekend,Notebooks,General,2,306.26,717.28,363.56
255,2024-01-27,morning,25,female,weekend,Chips,General,2,551.66,241.98,144.03
255,2024-01-27,morning,60,male,holiday,Textbooks,General,3,872.03,622.7,391.01
256,2024-01-27,evening,43,male,holiday,Bread,General,2,152.98,882.14,413.26
256,2024-01-27,evening,72,female,weekend,Cheese,General,2,513.01,643.84,478.47
257,2024-01-23,afternoon,30,male,weekend,Textbooks,General,1,244.48,588.19,359.82
257,2024-01-23,afternoon,35,male,holiday,Bread,General,1,101.78,844.62,304.78
258,2024-01-06,afternoon,68,female,weekend,Folders,General,3,188.35,712.56,357.12
258,2024-01-06,afternoon,51,female,holiday,Chips,General,3,707.33,198.06,197.38
259,2024-01-18,evening,31,female,weekend,Eggs,General,2,167.15,430.92,240.28
259,2024-01-18,evening,22,male,daily_needs,Folders,General,2,195.74,398.22,249.34
259,2024-01-18,evening,74,male,weekend,Bread,General,3,721.87,230.86,246.69
260,2024-01-15,evening,59,female,holiday,Folders,General,3,448.51,421.16,366.33
260,2024-01-15,evening,24,female,weekend,Chips,General,2,742.75,525.28,266.06
261,2024-01-28,evening,38,male,holiday,Butter,General,2,254.69,164.46,440.61
261,2024-01-28,evening,20,male,daily_needs,Bread,General,2,850.41,525.83,492.57
262,2024-01-22,morning,77,male,holiday,Bananas,General,2,235.2,835.52,325.06
262,2024-01-22,morning,44,male,holiday,Folders,General,1,472.22,184.54,141.0
263,2024-01-23,afternoon,63,female,weekend,Apples,General,2,66.83,718.04,108.68
263,2024-01-23,afternoon,52,male,weekend,Folders,General,2,587.32,528.72,105.41
264,2024-01-05,morning,27,female,holiday,Cheese,General,1,391.99,122.89,270.52
264,2024-01-05,morning,25,female,daily_needs,Milk,General,1,349.65,698.47,448.6
265,2024-01-13,evening,69,male,weekend,Cola,General,3,815.48,833.99,447.28
265,2024-01-13,evening,46,male,daily_needs,Cheese,General,2,724.25,56.99,307.28
266,2024-01-29,morning,67,female,holiday,Cheese,General,3,206.06,528.53,432.08
266,2024-01-29,morning,29,male,daily_needs,Textbooks,General,3,938.75,916.6,183.74
267,2024-01-07,evening,55,female,holiday,Milk,General,2,755.5,315.78,325.98
267,2024-01-07,evening,79,female,daily_needs,Cookies,General,3,652.07,183.48,277.18
268,2024-01-12,afternoon,77,female,holiday,Apples,General,1,169.33,345.46,454.37
268,2024-01-12,afternoon,49,male,holiday,Chips,General,2,807.47,305.95,454.98
269,2024-01-10,evening,73,male,daily_needs,Cheese,General,2,584.04,575.07,145.9
269,2024-01-10,evening,76,male,weekend,Bananas,General,2,727.97,289.78,362.73
270,2024-01-17,afternoon,71,female,holiday,Cola,General,2,620.58,109.36,388.49
270,2024-01-17,afternoon,76,female,weekend,Chips,General,1,301.97,701.79,479.52
271,2024-01-30,morning,64,female,daily_needs,Butter,General,1,161.21,551.77,150.75
271,2024-01-30,morning,36,male,weekend,Cola,General,1,641.45,59.54,177.94
272,2024-01-25,evening,24,male,weekend,Folders,General,1,964.81,627.3,493.35
272,2024-01-25,evening,41,male,daily_needs,Cheese,General,3,817.24,782.9,466.06
273,2024-01-25,evening,28,female,holiday,Eggs,General,3,498.11,961.79,370.46
273,2024-01-25,evening,54,male,daily_needs,Textbooks,General,3,126.02,391.49,443.35
273,2024-01-25,evening,58,female,holiday,Folders,General,2,58.64,121.64,200.14
274,2024-01-25,morning,50,male,daily_needs,Binders,General,3,278.65,756.42,400.11
274,2024-01-25,morning,18,male,daily_needs,Folders,General,1,58.07,772.96,385.21
274,2024-01-25,morning,44,male,holiday,Pens,General,2,767.19,957.42,196.06
275,2024-01-26,morning,72,male,daily_needs,Notebooks,General,2,210.95,654.98,489.91
275,2024-01-26,morning,63,female,daily_needs,Cheese,General,3,887.62,944.81,395.83
276,2024-01-16,evening,31,female,daily_needs,Eggs,General,3,602.51,556.81,338.56
276,2024-01-16,evening,37,female,holiday,Folders,General,1,547.12,160.91,151.63
277,2024-01-24,morning,42,male,holiday,Notebooks,General,2,240.83,340.42,309.8
277,2024-01-24,morning,23,female,holiday,Cheese,General,2,778.81,974.05,214.34
278,2024-01-23,morning,78,male,weekend,Chips,General,2,768.54,804.43,297.84
278,2024-01-23,morning,20,female,holiday,Cheese,General,3,440.07,903.67,458.5
279,2024-01-30,afternoon,59,male,holiday,Apples,General,1,593.67,469.76,238.69
279,2024-01-30,afternoon,37,male,holiday,Bread,General,1,768.95,365.4,397.78
279,2024-01-30,afternoon,35,male,weekend,Butter,General,2,378.35,817.32,198.54
280,2024-01-11,evening,46,male,daily_needs,Chips,General,2,430.84,332.52,372.69
280,2024-01-11,evening,20,female,weekend,Eggs,General,3,812.89,444.5,213.42
281,2024-01-17,afternoon,18,male,daily_needs,Bananas,General,3,678.39,908.11,139.42
281,2024-01-17,afternoon,58,female,weekend,Butter,General,2,832.56,864.18,266.04
282,2024-01-08,afternoon,78,male,daily_needs,Eggs,General,2,816.9,486.65,189.44
282,2024-01-08,afternoon,74,female,daily_needs,Cookies,General,1,946.59,53.64,195.25
283,2024-01-15,evening,52,male,daily_needs,Textbooks,General,1,158.47,542.4,334.94
283,2024-01-15,evening,73,male,daily_needs,Cookies,General,3,845.02,593.7,499.68
283,2024-01-15,evening,77,male,daily_needs,Eggs,General,1,201.76,205.86,214.07
284,2024-01-08,evening,55,female,daily_needs,Bread,General,1,347.08,608.74,155.31
284,2024-01-08,evening,18,male,daily_needs,Cheese,General,1,618.94,310.69,260.01
284,2024-01-08,evening,40,male,weekend,Bananas,General,2,858.05,573.02,430.36
285,2024-01-29,evening,76,female,holiday,Cookies,General,1,752.5,455.0,233.48
285,2024-01-29,evening,76,female,daily_needs,Apples,General,2,99.47,62.18,418.22
286,2024-01-30,afternoon,39,female,weekend,Cookies,General,2,106.93,541.72,149.77
286,2024-01-30,afternoon,18,male,weekend,Bananas,General,1,418.24,357.03,474.06
287,2024-01-09,afternoon,63,male,holiday,Binders,General,2,344.37,532.13,260.5
287,2024-01-09,afternoon,21,female,holiday,Folders,General,3,912.99,792.23,107.76
288,2024-01-15,evening,30,male,weekend,Notebooks,General,2,599.17,960.08,301.23
288,2024-01-15,evening,30,male,daily_needs,Eggs,General,2,362.17,320.67,291.31
289,2024-01-14,evening,55,female,daily_needs,Textbooks,General,1,191.93,534.49,284.23
289,2024-01-14,evening,20,male,weekend,Binders,General,3,768.09,509.23,144.65
290,2024-01-09,evening,79,female,daily_needs,Folders,General,1,105.31,930.65,359.38
290,2024-01-09,evening,63,male,holiday,Binders,General,2,441.35,937.69,119.39
291,2024-01-19,afternoon,41,male,daily_needs,Cola,General,1,96.88,590.87,253.09
291,2024-01-19,afternoon,79,female,daily_needs,Cookies,General,2,613.33,560.8,101.88
292,2024-01-21,evening,66,male,weekend,Cola,General,3,533.49,353.09,487.59
292,2024-01-21,evening,29,male,weekend,Bananas,General,3,450.74,706.74,461.13
293,2024-01-24,afternoon,74,male,weekend,Binders,General,2,559.78,938.08,433.98
293,2024-01-24,afternoon,51,male,holiday,Bread,General,1,457.98,497.17,162.95
293,2024-01-24,afternoon,65,male,daily_needs,Milk,General,3,381.32,709.18,163.85
294,2024-01-07,morning,36,male,daily_needs,Notebooks,General,3,556.88,50.23,196.5
294,2024-01-07,morning,37,male,holiday,Butter,General,1,815.61,315.69,176.61
294,2024-01-07,morning,40,male,daily_needs,Eggs,General,1,907.42,119.64,457.67
295,2024-01-09,evening,27,female,weekend,Apples,General,1,481.5,870.26,466.78
295,2024-01-09,evening,47,female,daily_needs,Cola,General,3,680.44,794.77,257.92
296,2024-01-23,evening,26,female,weekend,Folders,General,2,893.45,482.37,322.36
296,2024-01-23,evening,43,female,daily_needs,Apples,General,3,544.22,693.24,411.41
297,2024-01-29,afternoon,18,female,holiday,Butter,General,1,578.87,751.38,234.24
297,2024-01-29,afternoon,49,female,holiday,Notebooks,General,1,509.98,665.7,107.34
298,2024-01-30,morning,46,female,holiday,Bananas,General,2,311.66,969.35,228.62
298,2024-01-30,morning,31,female,holiday,Butter,General,2,231.65,347.1,294.42
298,2024-01-30,morning,58,female,weekend,Milk,General,1,445.12,734.32,467.31
299,2024-01-08,morning,61,female,holiday,Textbooks,General,2,128.31,777.37,127.92
299,2024-01-08,morning,74,female,weekend,Bread,General,3,764.72,916.01,321.65
300,2024-01-20,evening,51,female,daily_needs,Binders,General,3,644.79,896.64,302.26
300,2024-01-20,evening,38,male,holiday,Eggs,General,1,277.3,316.5,428.19
301,2024-01-09,evening,49,male,daily_needs,Cola,General,3,485.34,299.3,196.71
301,2024-01-09,evening,30,male,holiday,Folders,General,3,817.35,388.57,140.38
302,2024-01-25,afternoon,48,male,holiday,Bananas,General,2,410.93,526.84,342.03
302,2024-01-25,afternoon,52,male,daily_needs,Notebooks,General,2,529.69,217.59,425.09
302,2024-01-25,afternoon,72,female,daily_needs,Chips,General,1,777.85,935.82,478.92
302,2024-01-25,afternoon,73,male,weekend,Cheese,General,3,542.48,156.98,473.59
303,2024-01-25,morning,34,female,holiday,Chips,General,3,571.2,974.72,275.47
303,2024-01-25,morning,77,male,weekend,Apples,General,2,292.42,865.55,318.56
304,2024-01-14,evening,75,male,holiday,Butter,General,2,828.46,910.3,147.9
304,2024-01-14,evening,67,female,holiday,Binders,General,1,94.71,685.12,445.11
305,2024-01-13,morning,26,male,holiday,Butter,General,2,826.15,438.35,230.71
305,2024-01-13,morning,48,female,daily_needs,Bananas,General,3,96.13,475.56,278.26
306,2024-01-01,evening,55,male,weekend,Chips,General,1,183.47,641.42,183.13
306,2024-01-01,evening,47,male,daily_needs,Cheese,General,1,951.0,850.34,388.95
306,2024-01-01,evening,23,male,daily_needs,Pens,General,1,660.64,608.3,458.32
307,2024-01-03,afternoon,60,male,weekend,Cheese,General,1,79.65,968.52,310.64
307,2024-01-03,afternoon,33,male,holiday,Pens,General,2,685.08,974.0,342.73
307,2024-01-03,afternoon,51,male,daily_needs,Bananas,General,2,270.94,627.31,261.07
308,2024-01-20,evening,72,male,holiday,Bread,General,3,946.84,426.46,377.55
308,2024-01-20,evening,34,male,holiday,Eggs,General,2,166.78,638.59,370.21
309,2024-01-26,evening,73,female,daily_needs,Cookies,General,3,857.12,506.13,249.28
309,2024-01-26,evening,78,male,daily_needs,Bananas,General,3,229.62,905.86,369.67
309,2024-01-26,evening,61,female,holiday,Apples,General,2,623.97,164.91,131.48
310,2024-01-11,afternoon,48,male,weekend,Bread,General,3,321.95,452.62,359.95
310,2024-01-11,afternoon,78,female,weekend,Folders,General,2,559.75,314.31,124.64
311,2024-01-26,evening,41,male,daily_needs,Cookies,General,1,135.04,462.09,242.32
311,2024-01-26,evening,18,male,holiday,Binders,General,1,703.51,870.76,219.55
312,2024-01-10,evening,73,male,weekend,Bananas,General,1,487.1,233.77,184.15
312,2024-01-10,evening,61,male,holiday,Milk,General,3,250.17,266.16,211.84
313,2024-01-21,evening,43,male,weekend,Textbooks,General,3,693.13,522.38,137.6
313,2024-01-21,evening,72,female,holiday,Notebooks,General,1,962.68,354.46,498.52
314,2024-01-16,afternoon,48,male,weekend,Milk,General,1,522.31,684.04,105.11
314,2024-01-16,afternoon,48,male,holiday,Cola,General,3,375.82,181.33,275.79
314,2024-01-16,afternoon,40,male,daily_needs,Cookies,General,1,883.83,822.49,483.13
315,2024-01-20,evening,21,female,daily_needs,Cheese,General,1,312.43,802.77,190.1
315,2024-01-20,evening,18,female,holiday,Textbooks,General,2,889.55,583.4,174.37
315,2024-01-20,evening,33,male,daily_needs,Notebooks,General,3,963.52,781.16,295.32
316,2024-01-03,morning,51,male,weekend,Bananas,General,1,658.46,296.48,133.86
316,2024-01-03,morning,36,male,holiday,Butter,General,2,525.19,848.42,380.52
317,2024-01-06,morning,34,female,daily_needs,Apples,General,2,944.73,623.56,142.11
317,2024-01-06,morning,35,female,daily_needs,Pens,General,3,292.47,691.86,317.03
317,2024-01-06,morning,21,female,weekend,Binders,General,2,680.6,157.72,388.25
318,2024-01-16,afternoon,79,female,holiday,Bananas,General,1,513.7,648.93,393.71
318,2024-01-16,afternoon,36,male,weekend,Bread,General,1,692.19,720.38,295.69
319,2024-01-22,evening,78,female,holiday,Cola,General,2,997.55,317.02,367.21
319,2024-01-22,evening,35,female,daily_needs,Eggs,General,3,908.83,354.17,368.1
320,2024-01-05,morning,44,male,daily_needs,Cola,General,1,137.66,743.04,238.92
320,2024-01-05,morning,39,female,daily_needs,Milk,General,1,435.8,157.04,330.75
321,2024-01-25,afternoon,30,female,daily_needs,Bread,General,2,387.99,252.25,402.39
321,2024-01-25,afternoon,34,male,weekend,Chips,General,1,353.61,612.22,128.89
322,2024-01-30,evening,24,male,holiday,Milk,General,1,334.06,350.77,368.49
322,2024-01-30,evening,36,female,daily_needs,Bananas,General,2,843.99,444.41,405.95
323,2024-01-08,evening,20,male,holiday,Bananas,General,3,577.75,752.64,299.7
323,2024-01-08,evening,35,male,holiday,Cheese,General,1,639.78,733.04,327.81
324,2024-01-01,morning,22,male,weekend,Bananas,General,3,582.38,710.09,418.31
324,2024-01-01,morning,36,male,weekend,Apples,General,2,560.51,848.75,113.37
324,2024-01-01,morning,31,male,weekend,Cola,General,2,602.77,102.58,157.83
325,2024-01-11,evening,34,male,holiday,Chips,General,3,816.17,220.66,483.84
325,2024-01-11,evening,26,female,weekend,Cola,General,3,652.16,918.89,183.46
325,2024-01-11,evening,45,female,weekend,Bananas,General,1,176.8,815.56,495.89
326,2024-01-01,afternoon,59,male,weekend,Textbooks,General,2,963.31,622.54,323.79
326,2024-01-01,afternoon,33,male,daily_needs,Cheese,General,3,939.43,873.36,493.03
327,2024-01-05,evening,24,female,holiday,Cookies,General,1,542.31,482.73,112.33
327,2024-01-05,evening,42,female,holiday,Pens,General,3,514.76,374.84,469.69
328,2024-01-25,evening,61,male,weekend,Apples,General,1,85.93,166.9,494.54
328,2024-01-25,evening,30,male,daily_needs,Butter,General,1,991.18,285.24,302.58
329,2024-01-29,evening,60,male,holiday,Apples,General,2,412.09,441.26,391.03
329,2024-01-29,evening,70,male,weekend,Cookies,General,3,225.01,465.02,256.95
329,2024-01-29,evening,65,female,weekend,Folders,General,3,245.89,882.73,163.31
330,2024-01-04,morning,58,female,weekend,Binders,General,1,287.58,844.72,304.92
330,2024-01-04,morning,54,female,weekend,Notebooks,General,3,269.78,179.55,178.68
331,2024-01-08,morning,20,male,weekend,Butter,General,3,566.42,671.09,254.82
331,2024-01-08,morning,21,male,weekend,Folders,General,2,759.34,139.13,305.03
332,2024-01-29,evening,55,male,holiday,Binders,General,1,890.68,598.17,188.46
332,2024-01-29,evening,72,male,daily_needs,Cola,General,3,91.94,992.49,152.14
333,2024-01-11,morning,46,female,weekend,Cola,General,1,464.43,973.35,115.02
333,2024-01-11,morning,72,male,daily_needs,Eggs,General,3,860.68,870.32,409.01
333,2024-01-11,morning,50,female,weekend,Milk,General,1,357.93,978.55,114.94
334,2024-01-10,afternoon,72,male,daily_needs,Folders,General,2,952.7,110.1,341.21
334,2024-01-10,afternoon,73,female,holiday,Milk,General,2,553.32,685.88,432.63
335,2024-01-29,afternoon,43,male,weekend,Apples,General,1,983.52,655.2,164.66
335,2024-01-29,afternoon,76,female,holiday,Milk,General,3,196.06,925.64,402.99
336,2024-01-09,morning,47,female,daily_needs,Chips,General,3,349.1,160.96,209.26
336,2024-01-09,morning,33,male,holiday,Bananas,General,1,720.04,748.66,221.4
336,2024-01-09,morning,28,male,daily_needs,Bread,General,2,146.85,434.41,124.98
337,2024-01-06,afternoon,48,female,weekend,Notebooks,General,1,245.89,287.36,234.58
337,2024-01-06,afternoon,27,male,daily_needs,Binders,General,3,435.78,834.91,191.05
337,2024-01-06,afternoon,25,male,weekend,Apples,General,3,385.8,660.1,198.25
338,2024-01-30,morning,54,male,holiday,Eggs,General,3,498.03,725.44,275.62
338,2024-01-30,morning,36,male,daily_needs,Chips,General,3,708.51,811.3,259.05
339,2024-01-02,morning,76,male,daily_needs,Binders,General,1,248.86,278.83,151.96
339,2024-01-02,morning,50,female,weekend,Milk,General,1,364.65,318.37,322.06
340,2024-01-06,evening,27,female,weekend,Cookies,General,2,403.97,268.83,324.4
340,2024-01-06,evening,43,male,daily_needs,Apples,General,3,128.89,231.5,276.3
340,2024-01-06,evening,18,female,holiday,Cheese,General,2,988.85,419.41,118.97
341,2024-01-17,afternoon,63,female,holiday,Notebooks,General,2,744.55,280.07,168.68
341,2024-01-17,afternoon,42,female,weekend,Bread,General,3,647.46,162.04,361.98
341,2024-01-17,afternoon,42,male,weekend,Folders,General,1,299.19,846.94,112.93
342,2024-01-10,evening,33,female,daily_needs,Bananas,General,2,432.64,84.4,320.46
342,2024-01-10,evening,22,female,weekend,Binders,General,3,340.16,792.19,246.37
343,2024-01-16,afternoon,76,male,holiday,Bananas,General,2,516.84,735.88,475.1
343,2024-01-16,afternoon,47,male,weekend,Bread,General,3,815.42,152.76,494.68
344,2024-01-21,evening,41,male,holiday,Binders,General,3,329.98,51.72,189.53
344,2024-01-21,evening,27,female,daily_needs,Textbooks,General,3,244.48,368.08,232.12
345,2024-01-01,evening,35,male,daily_needs,Cookies,General,2,680.87,292.33,150.81
345,2024-01-01,evening,42,female,holiday,Chips,General,2,820.29,981.94,470.62
346,2024-01-03,morning,32,male,weekend,Textbooks,General,3,602.57,976.68,404.58
346,2024-01-03,morning,76,female,holiday,Binders,General,1,550.42,358.04,144.41
346,2024-01-03,morning,49,female,daily_needs,Notebooks,General,3,913.77,146.67,119.66
347,2024-01-28,evening,45,female,weekend,Textbooks,General,2,244.03,284.84,498.44
347,2024-01-28,evening,65,female,daily_needs,Bread,General,3,633.02,803.86,134.24
348,2024-01-10,morning,46,male,weekend,Apples,General,3,81.97,184.05,343.52
348,2024-01-10,morning,51,male,daily_needs,Textbooks,General,3,879.88,362.91,335.12
349,2024-01-03,afternoon,78,female,weekend,Cheese,General,2,247.38,69.27,291.77
349,2024-01-03,afternoon,79,female,weekend,Cookies,General,3,168.46,606.9,405.7
349,2024-01-03,afternoon,68,male,holiday,Apples,General,3,533.11,502.92,208.27
350,2024-01-25,evening,79,female,daily_needs,Cookies,General,2,726.1,250.38,369.01
350,2024-01-25,evening,41,female,daily_needs,Apples,General,3,155.45,218.27,271.47
351,2024-01-26,evening,70,male,holiday,Bananas,General,3,744.66,878.39,139.22
351,2024-01-26,evening,70,female,holiday,Pens,General,1,515.22,774.44,433.35
352,2024-01-09,afternoon,45,male,weekend,Pens,General,3,157.44,198.51,274.81
352,2024-01-09,afternoon,47,male,holiday,Cheese,General,2,601.7,418.73,168.3
353,2024-01-14,evening,24,male,weekend,Butter,General,3,758.94,216.82,125.81
353,2024-01-14,evening,53,female,holiday,Chips,General,1,865.45,958.99,299.61
354,2024-01-12,evening,64,male,holiday,Chips,General,3,176.84,95.56,410.16
354,2024-01-12,evening,60,female,daily_needs,Bread,General,3,409.36,499.51,352.16
354,2024-01-12,evening,43,male,weekend,Cheese,General,3,794.15,304.92,379.19
355,2024-01-15,evening,79,male,daily_needs,Milk,General,1,671.32,445.41,171.86
355,2024-01-15,evening,63,male,weekend,Folders,General,2,865.74,161.6,414.27
356,2024-01-23,morning,62,male,daily_needs,Butter,General,2,813.36,995.82,201.07
356,2024-01-23,morning,56,male,holiday,Apples,General,3,330.18,64.5,188.05
356,2024-01-23,morning,35,female,daily_needs,Textbooks,General,3,719.67,130.94,360.04
357,2024-01-26,afternoon,29,female,daily_needs,Milk,General,1,495.22,941.65,174.33
357,2024-01-26,afternoon,69,female,daily_needs,Binders,General,1,211.64,350.3,269.8
357,2024-01-26,afternoon,32,male,weekend,Bread,General,2,681.86,706.31,414.79
358,2024-01-18,morning,52,female,holiday,Binders,General,1,204.64,514.68,417.54
358,2024-01-18,morning,54,female,holiday,Notebooks,General,2,513.2,712.76,311.96
359,2024-01-14,morning,21,male,weekend,Apples,General,1,606.56,690.48,421.7
359,2024-01-14,morning,60,female,holiday,Eggs,General,2,825.06,812.44,438.28
360,2024-01-25,morning,73,female,holiday,Milk,General,3,564.93,923.09,459.96
360,2024-01-25,morning,28,male,daily_needs,Chips,General,1,418.38,322.52,207.43
361,2024-01-17,evening,34,male,holiday,Cola,General,3,787.18,807.67,315.17
361,2024-01-17,evening,20,male,holiday,Bread,General,2,432.75,911.88,396.13
361,2024-01-17,evening,76,male,daily_needs,Bananas,General,1,380.38,544.49,362.15
362,2024-01-21,evening,70,male,weekend,Eggs,General,2,907.73,424.76,492.45
362,2024-01-21,evening,43,male,daily_needs,Textbooks,General,3,661.83,147.11,437.81
363,2024-01-13,afternoon,63,male,holiday,Pens,General,3,949.69,529.63,454.84
363,2024-01-13,afternoon,43,male,daily_needs,Cola,General,1,569.29,575.82,298.56
364,2024-01-13,afternoon,19,male,holiday,Folders,General,2,57.79,903.87,472.45
364,2024-01-13,afternoon,31,female,holiday,Cookies,General,2,213.12,671.08,110.19
365,2024-01-05,evening,40,female,daily_needs,Butter,General,1,987.85,887.59,257.86
365,2024-01-05,evening,67,female,holiday,Apples,General,2,132.59,261.8,175.22
366,2024-01-10,morning,39,female,weekend,Bananas,General,1,665.74,760.8,462.39
366,2024-01-10,morning,32,female,weekend,Folders,General,3,737.4,815.67,215.8
367,2024-01-24,morning,38,female,holiday,Pens,General,1,945.47,840.58,349.36
367,2024-01-24,morning,66,female,weekend,Milk,General,3,217.28,756.17,200.83
367,2024-01-24,morning,37,female,daily_needs,Chips,General,3,506.64,475.6,148.31
368,2024-01-02,evening,61,male,weekend,Textbooks,General,1,214.89,959.94,441.85
368,2024-01-02,evening,53,female,holiday,Binders,General,1,446.76,749.82,145.43
369,2024-01-21,evening,48,male,holiday,Notebooks,General,2,85.2,558.49,381.92
369,2024-01-21,evening,33,female,daily_needs,Cheese,General,1,314.64,783.01,240.5
369,2024-01-21,evening,47,female,weekend,Cookies,General,1,675.91,588.12,288.7
370,2024-01-26,morning,46,male,holiday,Pens,General,2,506.75,992.42,374.66
370,2024-01-26,morning,41,female,weekend,Textbooks,General,2,779.47,88.48,149.16
371,2024-01-22,evening,55,female,holiday,Binders,General,1,557.53,849.83,333.37
371,2024-01-22,evening,68,female,holiday,Apples,General,2,535.96,946.39,116.75
372,2024-01-10,evening,35,female,daily_needs,Cheese,General,1,108.23,549.3,298.66
372,2024-01-10,evening,34,male,weekend,Bananas,General,2,994.83,449.07,343.18
373,2024-01-29,morning,40,female,holiday,Bread,General,3,177.28,687.94,101.74
373,2024-01-29,morning,28,female,holiday,Milk,General,3,140.14,366.36,249.43
374,2024-01-24,evening,49,female,holiday,Butter,General,1,527.7,99.29,476.89
374,2024-01-24,evening,38,male,daily_needs,Bananas,General,2,916.96,791.5,402.17
375,2024-01-25,morning,78,female,daily_needs,Cheese,General,1,592.31,550.72,115.28
375,2024-01-25,morning,54,male,daily_needs,Bread,General,2,735.41,55.63,336.98
376,2024-01-02,morning,61,male,daily_needs,Cheese,General,3,348.67,819.62,206.46
376,2024-01-02,morning,68,female,daily_needs,Notebooks,General,3,987.73,579.04,211.22
376,2024-01-02,morning,79,male,holiday,Bread,General,2,586.58,372.24,229.07
377,2024-01-22,afternoon,60,male,daily_needs,Binders,General,1,627.32,424.28,206.13
377,2024-01-22,afternoon,50,male,weekend,Cheese,General,1,661.58,366.18,401.95
378,2024-01-28,evening,33,male,daily_needs,Eggs,General,1,801.23,405.23,325.13
378,2024-01-28,evening,49,male,weekend,Folders,General,3,288.26,705.22,440.86
379,2024-01-13,morning,63,male,weekend,Milk,General,3,635.98,618.71,217.02
379,2024-01-13,morning,27,male,holiday,Notebooks,General,3,157.22,556.85,140.51
380,2024-01-13,afternoon,67,female,weekend,Butter,General,1,717.3,652.39,493.86
380,2024-01-13,afternoon,47,female,daily_needs,Pens,General,2,453.59,446.2,365.52
380,2024-01-13,afternoon,71,female,daily_needs,Notebooks,General,2,460.74,992.11,471.02
381,2024-01-28,evening,33,female,holiday,Pens,General,2,290.73,529.78,112.2
381,2024-01-28,evening,26,male,weekend,Cola,General,1,764.1,451.72,306.86
382,2024-01-05,morning,74,male,weekend,Eggs,General,1,812.34,89.31,251.55
382,2024-01-05,morning,77,female,daily_needs,Cookies,General,2,621.34,880.13,147.93
383,2024-01-24,afternoon,34,male,daily_needs,Bread,General,2,261.52,731.53,477.32
383,2024-01-24,afternoon,46,female,holiday,Notebooks,General,3,487.98,359.6,290.26
384,2024-01-26,evening,73,male,daily_needs,Chips,General,1,558.36,705.13,371.7
384,2024-01-26,evening,27,female,daily_needs,Eggs,General,3,677.93,356.76,292.51
385,2024-01-07,afternoon,66,female,weekend,Bananas,General,2,827.4,658.81,224.16
385,2024-01-07,afternoon,78,female,holiday,Chips,General,1,352.34,278.07,322.77
386,2024-01-24,morning,45,female,holiday,Eggs,General,1,310.22,239.88,192.74
386,2024-01-24,morning,68,female,daily_needs,Milk,General,3,457.86,437.49,145.58
387,2024-01-30,morning,23,male,weekend,Notebooks,General,3,530.31,442.54,450.74
387,2024-01-30,morning,53,female,weekend,Textbooks,General,3,434.15,203.87,380.33
387,2024-01-30,morning,39,male,holiday,Folders,General,2,913.47,944.89,125.73
388,2024-01-11,afternoon,36,male,holiday,Bananas,General,2,475.95,293.28,148.14
388,2024-01-11,afternoon,20,male,holiday,Chips,General,3,747.76,398.82,107.55
389,2024-01-14,morning,54,male,weekend,Chips,General,1,840.98,431.75,386.79
389,2024-01-14,morning,64,female,daily_needs,Bread,General,3,816.83,769.53,242.77
390,2024-01-14,afternoon,67,female,daily_needs,Milk,General,3,680.52,412.05,387.79
390,2024-01-14,afternoon,58,female,daily_needs,Butter,General,3,996.84,898.6,305.35
390,2024-01-14,afternoon,54,female,weekend,Pens,General,1,938.06,848.88,357.47
390,2024-01-14,afternoon,21,female,weekend,Notebooks,General,3,260.43,536.42,319.54
391,2024-01-27,morning,44,female,daily_needs,Milk,General,2,182.01,289.79,392.71
391,2024-01-27,morning,34,male,holiday,Notebooks,General,1,382.37,722.91,247.14
392,2024-01-17,afternoon,33,female,holiday,Cola,General,3,219.34,909.37,236.27
392,2024-01-17,afternoon,64,female,daily_needs,Pens,General,3,553.61,180.87,247.62
393,2024-01-27,evening,53,female,daily_needs,Chips,General,1,668.64,863.47,144.95
393,2024-01-27,evening,43,female,holiday,Folders,General,3,241.57,124.33,415.25
393,2024-01-27,evening,77,male,weekend,Bananas,General,2,702.43,544.08,432.1
394,2024-01-15,afternoon,57,male,holiday,Bread,General,2,585.92,671.23,469.05
394,2024-01-15,afternoon,62,female,holiday,Binders,General,1,219.35,987.13,386.03
395,2024-01-24,evening,39,male,daily_needs,Chips,General,2,58.79,487.54,295.33
395,2024-01-24,evening,65,male,weekend,Bread,General,3,329.3,581.9,220.37
396,2024-01-07,afternoon,46,female,daily_needs,Milk,General,1,618.27,301.18,311.05
396,2024-01-07,afternoon,62,male,daily_needs,Cheese,General,3,635.29,406.48,493.68
397,2024-01-17,afternoon,65,male,weekend,Bananas,General,1,711.62,206.4,159.47
397,2024-01-17,afternoon,65,female,weekend,Cookies,General,2,728.5,116.03,488.87
398,2024-01-25,afternoon,48,male,holiday,Textbooks,General,1,990.67,122.06,364.72
398,2024-01-25,afternoon,53,male,weekend,Folders,General,1,956.91,929.5,463.71
399,2024-01-15,afternoon,20,female,weekend,Chips,General,1,814.1,904.29,349.5
399,2024-01-15,afternoon,34,female,holiday,Eggs,General,1,395.16,526.28,117.36
400,2024-01-22,afternoon,65,female,daily_needs,Cookies,General,1,952.57,220.47,110.17
400,2024-01-22,afternoon,18,female,holiday,Cola,General,1,108.56,960.62,156.77
401,2024-01-07,evening,44,female,daily_needs,Cheese,General,2,487.65,896.28,137.78
401,2024-01-07,evening,54,male,daily_needs,Butter,General,2,124.36,936.74,245.25
402,2024-01-05,evening,40,male,weekend,Folders,General,2,496.74,956.73,146.27
402,2024-01-05,evening,20,male,weekend,Cola,General,2,655.62,663.01,430.69
402,2024-01-05,evening,59,female,weekend,Milk,General,2,712.24,607.48,433.11
403,2024-01-01,afternoon,48,female,weekend,Notebooks,General,2,727.37,199.82,200.91
403,2024-01-01,afternoon,52,female,weekend,Chips,General,1,435.13,370.36,105.68
404,2024-01-17,afternoon,55,male,holiday,Bread,General,2,919.01,111.18,122.02
404,2024-01-17,afternoon,60,male,daily_needs,Cheese,General,3,798.54,266.45,296.09
405,2024-01-01,evening,51,male,daily_needs,Cookies,General,2,325.96,206.91,468.57
405,2024-01-01,evening,77,male,weekend,Chips,General,3,497.37,921.96,254.83
406,2024-01-03,afternoon,22,male,weekend,Bananas,General,1,622.85,812.9,416.68
406,2024-01-03,afternoon,41,male,weekend,Cola,General,2,175.55,407.57,368.91
407,2024-01-15,afternoon,59,male,holiday,Cola,General,2,934.13,306.92,260.14
407,2024-01-15,afternoon,53,male,holiday,Textbooks,General,1,620.24,162.15,122.51
407,2024-01-15,afternoon,61,male,daily_needs,Chips,General,2,793.52,482.55,379.23
408,2024-01-03,morning,43,female,weekend,Cheese,General,2,293.62,59.57,209.92
408,2024-01-03,morning,52,female,holiday,Chips,General,1,353.12,778.82,182.77
409,2024-01-14,morning,39,female,weekend,Milk,General,1,871.81,524.98,156.36
409,2024-01-14,morning,39,male,daily_needs,Chips,General,2,450.67,189.46,291.6
409,2024-01-14,morning,23,male,holiday,Notebooks,General,3,211.22,732.54,408.04
410,2024-01-12,evening,79,male,weekend,Bananas,General,3,624.38,702.05,107.34
410,2024-01-12,evening,20,female,holiday,Chips,General,2,81.33,859.29,373.61
411,2024-01-12,afternoon,36,female,weekend,Bread,General,1,116.4,658.03,475.7
411,2024-01-12,afternoon,76,male,daily_needs,Folders,General,3,950.1,890.34,185.82
412,2024-01-07,evening,48,female,weekend,Notebooks,General,3,83.14,439.76,142.62
412,2024-01-07,evening,54,female,daily_needs,Folders,General,2,460.07,99.63,138.22
413,2024-01-28,afternoon,18,female,daily_needs,Notebooks,General,1,444.0,933.83,413.95
413,2024-01-28,afternoon,47,female,weekend,Cheese,General,2,340.09,457.73,221.93
413,2024-01-28,afternoon,24,female,daily_needs,Apples,General,2,556.91,157.45,431.31
414,2024-01-30,morning,71,female,holiday,Notebooks,General,3,980.99,888.06,329.95
414,2024-01-30,morning,74,female,daily_needs,Apples,General,2,438.88,900.64,165.03
415,2024-01-21,morning,34,male,holiday,Folders,General,3,56.45,91.28,461.59
415,2024-01-21,morning,43,male,holiday,Textbooks,General,2,869.88,507.31,131.41
415,2024-01-21,morning,25,male,daily_needs,Pens,General,3,197.19,856.58,308.64
415,2024-01-21,morning,58,female,weekend,Cola,General,2,741.97,661.56,234.04
415,2024-01-21,morning,56,male,daily_needs,Binders,General,3,321.76,540.99,205.35
416,2024-01-22,evening,22,female,holiday,Butter,General,1,896.72,813.69,173.62
416,2024-01-22,evening,40,female,daily_needs,Cheese,General,2,991.01,811.66,399.31
417,2024-01-06,morning,20,female,daily_needs,Butter,General,2,649.0,600.83,248.04
417,2024-01-06,morning,40,male,weekend,Milk,General,3,497.96,192.35,205.58
417,2024-01-06,morning,61,male,holiday,Cookies,General,3,462.24,313.94,447.96
418,2024-01-23,afternoon,77,male,holiday,Folders,General,3,797.58,638.9,133.09
418,2024-01-23,afternoon,65,male,weekend,Pens,General,1,238.97,125.75,434.81
419,2024-01-28,afternoon,73,female,holiday,Bananas,General,2,737.07,811.53,416.69
419,2024-01-28,afternoon,36,male,weekend,Notebooks,General,1,781.44,864.61,100.07
420,2024-01-05,morning,24,female,weekend,Eggs,General,3,420.29,423.07,346.42
420,2024-01-05,morning,36,female,holiday,Bread,General,2,914.33,876.88,323.29
421,2024-01-08,morning,56,male,weekend,Cookies,General,1,918.72,763.59,473.35
421,2024-01-08,morning,63,male,weekend,Textbooks,General,1,400.09,101.27,405.19
422,2024-01-27,afternoon,25,male,holiday,Folders,General,2,82.58,717.22,211.63
422,2024-01-27,afternoon,29,male,holiday,Cheese,General,2,306.74,529.41,490.23
422,2024-01-27,afternoon,19,male,daily_needs,Eggs,General,2,377.55,898.97,216.61
423,2024-01-04,evening,74,female,daily_needs,Textbooks,General,3,908.58,439.36,309.97
423,2024-01-04,evening,51,female,daily_needs,Milk,General,2,786.43,550.43,226.69
424,2024-01-05,morning,75,female,weekend,Cola,General,2,370.15,172.55,309.25
424,2024-01-05,morning,51,male,holiday,Bread,General,3,296.28,913.38,108.47
425,2024-01-20,afternoon,50,male,weekend,Cola,General,3,734.78,279.15,167.26
425,2024-01-20,afternoon,69,male,weekend,Folders,General,1,437.59,250.72,293.0
426,2024-01-17,evening,35,female,weekend,Eggs,General,3,139.5,766.57,108.2
426,2024-01-17,evening,50,female,holiday,Cookies,General,2,732.6,119.32,428.45
427,2024-01-24,afternoon,48,female,holiday,Cheese,General,2,323.58,919.28,447.11
427,2024-01-24,afternoon,30,male,weekend,Cola,General,2,543.32,865.05,256.55
428,2024-01-20,evening,46,male,weekend,Milk,General,3,422.08,919.7,150.25
428,2024-01-20,evening,69,male,daily_needs,Chips,General,2,523.24,484.75,307.56
428,2024-01-20,evening,68,male,daily_needs,Bananas,General,1,280.3,225.11,125.93
429,2024-01-04,evening,52,male,holiday,Butter,General,3,451.71,228.23,108.66
429,2024-01-04,evening,18,female,weekend,Pens,General,1,932.82,731.56,405.06
429,2024-01-04,evening,36,male,holiday,Chips,General,2,545.2,213.49,222.17
430,2024-01-02,evening,47,male,weekend,Cola,General,3,715.2,527.19,166.52
430,2024-01-02,evening,46,female,holiday,Apples,General,3,318.8,276.37,450.05
431,2024-01-03,evening,23,female,daily_needs,Cola,General,3,379.69,448.12,106.77
431,2024-01-03,evening,24,female,weekend,Apples,General,1,530.73,369.59,390.47
431,2024-01-03,evening,42,male,daily_needs,Cheese,General,2,797.96,984.96,107.96
432,2024-01-07,morning,33,male,daily_needs,Binders,General,1,929.9,134.02,481.75
432,2024-01-07,morning,54,male,weekend,Folders,General,2,392.31,822.49,344.63
432,2024-01-07,morning,36,male,weekend,Eggs,General,1,521.93,89.16,333.71
433,2024-01-06,morning,40,female,weekend,Chips,General,2,186.51,546.25,102.89
433,2024-01-06,morning,30,male,weekend,Cheese,General,2,829.86,793.39,317.67
434,2024-01-26,morning,61,female,weekend,Pens,General,1,917.07,233.16,255.75
434,2024-01-26,morning,57,male,weekend,Binders,General,1,720.32,231.27,321.14
435,2024-01-13,afternoon,41,female,weekend,Textbooks,General,3,208.09,797.05,200.02
435,2024-01-13,afternoon,23,female,holiday,Cheese,General,2,432.32,752.53,487.41
436,2024-01-28,morning,42,male,daily_needs,Apples,General,2,670.12,780.93,162.68
436,2024-01-28,morning,24,female,weekend,Butter,General,3,959.78,874.32,100.86
437,2024-01-02,afternoon,46,female,weekend,Milk,General,3,788.02,799.15,383.21
437,2024-01-02,afternoon,65,female,daily_needs,Cookies,General,3,898.77,234.45,152.18
438,2024-01-25,morning,41,female,daily_needs,Cheese,General,2,314.78,200.91,178.27
438,2024-01-25,morning,51,male,holiday,Bread,General,2,305.81,611.06,344.07
438,2024-01-25,morning,64,male,holiday,Textbooks,General,3,795.94,275.45,215.47
438,2024-01-25,morning,41,female,daily_needs,Cookies,General,2,413.65,199.41,357.1
439,2024-01-04,afternoon,22,female,holiday,Milk,General,1,999.4,686.84,495.99
439,2024-01-04,afternoon,39,female,holiday,Bread,General,3,461.32,186.93,429.1
440,2024-01-19,evening,62,male,daily_needs,Butter,General,2,823.7,486.2,200.72
440,2024-01-19,evening,46,female,daily_needs,Cheese,General,1,547.79,529.8,310.1
440,2024-01-19,evening,26,female,holiday,Eggs,General,2,711.23,945.04,171.65
441,2024-01-19,morning,50,male,holiday,Eggs,General,1,443.96,128.23,342.61
441,2024-01-19,morning,73,female,weekend,Butter,General,2,556.92,184.11,110.23
442,2024-01-09,morning,40,male,daily_needs,Folders,General,1,480.35,537.24,385.21
442,2024-01-09,morning,73,male,holiday,Notebooks,General,1,578.25,360.63,277.0
442,2024-01-09,morning,56,male,daily_needs,Chips,General,1,639.26,566.99,395.92
443,2024-01-06,morning,38,female,weekend,Cola,General,3,428.25,337.26,418.28
443,2024-01-06,morning,38,male,daily_needs,Chips,General,3,961.59,612.52,427.81
443,2024-01-06,morning,29,male,daily_needs,Bread,General,1,910.1,439.0,481.23
444,2024-01-01,afternoon,45,male,weekend,Bread,General,3,230.86,943.9,308.46
444,2024-01-01,afternoon,58,male,daily_needs,Milk,General,3,462.37,932.1,336.12
444,2024-01-01,afternoon,19,female,weekend,Butter,General,3,331.96,386.55,462.38
445,2024-01-12,afternoon,34,male,weekend,Notebooks,General,3,812.54,182.55,410.71
445,2024-01-12,afternoon,68,male,holiday,Cheese,General,2,291.32,866.74,380.08
445,2024-01-12,afternoon,45,female,weekend,Butter,General,2,500.22,234.02,183.35
446,2024-01-25,afternoon,52,female,weekend,Eggs,General,3,154.29,594.38,109.51
446,2024-01-25,afternoon,24,female,daily_needs,Folders,General,2,548.94,247.91,309.88
446,2024-01-25,afternoon,63,male,holiday,Cola,General,1,339.15,698.37,439.03
447,2024-01-09,afternoon,29,male,daily_needs,Folders,General,2,984.46,422.82,244.92
447,2024-01-09,afternoon,27,male,daily_needs,Cheese,General,3,521.89,620.01,172.33
447,2024-01-09,afternoon,32,female,weekend,Cookies,General,1,586.58,496.98,119.19
448,2024-01-11,evening,57,male,holiday,Folders,General,3,633.45,228.79,214.11
448,2024-01-11,evening,42,male,holiday,Eggs,General,1,284.98,745.06,275.78
448,2024-01-11,evening,39,female,weekend,Butter,General,1,854.39,343.14,496.76
449,2024-01-03,afternoon,18,male,holiday,Cola,General,2,141.43,609.75,350.59
449,2024-01-03,afternoon,51,male,daily_needs,Cheese,General,2,577.27,322.85,476.07
450,2024-01-29,afternoon,45,male,daily_needs,Notebooks,General,3,981.86,575.19,110.01
450,2024-01-29,afternoon,51,female,holiday,Apples,General,3,808.61,863.74,292.84
450,2024-01-29,afternoon,41,male,holiday,Cheese,General,1,235.42,207.13,410.86
451,2024-01-10,afternoon,69,male,daily_needs,Cola,General,1,664.21,223.52,400.21
451,2024-01-10,afternoon,70,male,daily_needs,Textbooks,General,2,95.47,437.47,382.01
452,2024-01-05,afternoon,54,male,holiday,Cola,General,2,306.5,684.54,422.54
452,2024-01-05,afternoon,37,male,weekend,Cookies,General,2,961.09,527.28,466.79
453,2024-01-01,evening,70,female,daily_needs,Cheese,General,2,438.06,381.27,405.46
453,2024-01-01,evening,66,female,weekend,Cookies,General,1,845.38,113.46,476.94
453,2024-01-01,evening,56,male,weekend,Pens,General,3,326.71,403.78,410.56
454,2024-01-02,afternoon,21,female,holiday,Milk,General,2,825.79,672.41,302.88
454,2024-01-02,afternoon,58,male,daily_needs,Eggs,General,1,151.13,970.78,179.86
455,2024-01-05,evening,47,female,holiday,Cheese,General,3,894.64,940.94,121.45
455,2024-01-05,evening,67,male,daily_needs,Pens,General,2,644.57,803.91,212.24
456,2024-01-19,afternoon,35,male,weekend,Bananas,General,2,112.55,641.06,334.09
456,2024-01-19,afternoon,29,female,weekend,Butter,General,1,338.9,477.24,317.5
457,2024-01-02,morning,30,female,weekend,Bread,General,1,216.44,706.13,437.11
457,2024-01-02,morning,41,female,daily_needs,Pens,General,1,112.86,255.14,151.14
458,2024-01-05,morning,78,male,holiday,Folders,General,3,461.93,816.55,217.57
458,2024-01-05,morning,79,female,holiday,Milk,General,2,107.21,127.42,357.21
459,2024-01-20,morning,72,male,holiday,Textbooks,General,1,232.44,909.2,179.24
459,2024-01-20,morning,59,female,daily_needs,Butter,General,2,280.66,357.58,486.4
460,2024-01-10,morning,59,female,weekend,Pens,General,2,349.3,547.49,294.15
460,2024-01-10,morning,28,female,weekend,Bananas,General,2,917.2,137.93,388.68
460,2024-01-10,morning,39,male,daily_needs,Apples,General,2,440.98,200.82,469.07
461,2024-01-08,afternoon,73,female,holiday,Cheese,General,3,592.8,291.04,420.55
461,2024-01-08,afternoon,68,male,daily_needs,Milk,General,3,506.25,876.89,243.78
462,2024-01-15,evening,27,male,holiday,Textbooks,General,3,692.1,993.95,136.84
462,2024-01-15,evening,75,male,weekend,Pens,General,2,425.49,492.99,444.26
462,2024-01-15,evening,79,female,daily_needs,Cookies,General,2,79.51,900.63,120.21
463,2024-01-01,evening,56,male,daily_needs,Chips,General,2,741.9,808.83,478.08
463,2024-01-01,evening,39,female,holiday,Textbooks,General,2,595.71,710.86,469.73
463,2024-01-01,evening,73,male,weekend,Notebooks,General,3,727.38,88.26,254.57
464,2024-01-17,evening,45,female,daily_needs,Apples,General,2,96.12,668.63,188.56
464,2024-01-17,evening,70,male,holiday,Cheese,General,2,263.25,574.43,242.95
465,2024-01-13,evening,32,female,daily_needs,Cookies,General,1,732.52,422.43,461.97
465,2024-01-13,evening,51,male,holiday,Textbooks,General,1,955.16,804.82,116.01
465,2024-01-13,evening,63,male,holiday,Binders,General,3,348.79,715.18,430.51
465,2024-01-13,evening,79,male,holiday,Chips,General,2,118.35,93.74,241.21
466,2024-01-12,morning,30,female,daily_needs,Apples,General,1,467.34,758.78,181.92
466,2024-01-12,morning,68,male,holiday,Butter,General,1,894.44,659.52,357.42
466,2024-01-12,morning,29,female,weekend,Bananas,General,2,439.99,872.82,396.97
466,2024-01-12,morning,59,female,weekend,Eggs,General,2,413.21,474.64,202.39
467,2024-01-07,evening,58,male,holiday,Chips,General,3,444.88,840.44,223.94
467,2024-01-07,evening,28,male,daily_needs,Pens,General,2,679.59,688.5,200.88
467,2024-01-07,evening,32,female,holiday,Cheese,General,2,362.64,557.26,124.67
468,2024-01-09,evening,53,male,holiday,Chips,General,2,413.46,359.54,195.05
468,2024-01-09,evening,65,female,weekend,Milk,General,2,701.42,757.19,433.75
469,2024-01-01,afternoon,39,female,weekend,Bananas,General,1,919.7,787.81,191.33
469,2024-01-01,afternoon,45,female,weekend,Notebooks,General,1,221.57,86.51,210.02
470,2024-01-23,afternoon,23,female,holiday,Eggs,General,2,331.88,849.88,104.15
470,2024-01-23,afternoon,40,male,weekend,Chips,General,3,629.21,155.06,351.09
470,2024-01-23,afternoon,20,male,holiday,Cola,General,1,552.65,882.39,285.0
471,2024-01-17,morning,73,male,holiday,Milk,General,3,954.83,73.63,250.73
471,2024-01-17,morning,74,female,daily_needs,Cookies,General,2,309.43,337.49,344.93
472,2024-01-23,evening,44,male,daily_needs,Bread,General,3,92.0,282.38,406.22
472,2024-01-23,evening,67,female,weekend,Notebooks,General,3,709.52,897.97,353.49
473,2024-01-23,afternoon,30,female,holiday,Folders,General,1,842.56,343.35,264.07
473,2024-01-23,afternoon,19,female,weekend,Cookies,General,2,738.31,662.88,212.95
474,2024-01-21,evening,44,male,weekend,Eggs,General,1,600.12,270.31,118.68
474,2024-01-21,evening,58,female,weekend,Chips,General,3,470.46,158.91,434.77
475,2024-01-10,afternoon,57,female,weekend,Butter,General,3,394.97,954.02,478.52
475,2024-01-10,afternoon,47,male,daily_needs,Cola,General,1,869.54,423.12,101.75
476,2024-01-03,afternoon,32,male,holiday,Butter,General,2,448.69,982.31,239.79
476,2024-01-03,afternoon,43,female,weekend,Bread,General,2,111.88,462.51,154.09
477,2024-01-21,afternoon,18,female,daily_needs,Bananas,General,1,826.66,990.4,262.75
477,2024-01-21,afternoon,36,male,weekend,Apples,General,3,991.07,472.86,353.65
478,2024-01-05,afternoon,56,female,daily_needs,Folders,General,3,853.07,332.1,416.6
478,2024-01-05,afternoon,55,female,weekend,Apples,General,1,691.68,133.47,373.23
479,2024-01-29,morning,21,male,daily_needs,Cookies,General,1,476.53,363.47,423.27
479,2024-01-29,morning,62,female,daily_needs,Binders,General,1,653.09,892.56,270.49
480,2024-01-15,evening,46,female,daily_needs,Chips,General,2,640.79,73.72,259.8
480,2024-01-15,evening,57,female,weekend,Eggs,General,2,582.91,185.47,322.69
481,2024-01-09,morning,32,female,daily_needs,Binders,General,2,223.53,629.38,390.44
481,2024-01-09,morning,55,male,daily_needs,Textbooks,General,3,446.92,299.9,128.4
482,2024-01-16,morning,60,female,daily_needs,Chips,General,2,100.67,428.67,208.29
482,2024-01-16,morning,38,male,daily_needs,Bananas,General,3,357.71,538.38,451.87
483,2024-01-20,morning,63,female,holiday,Eggs,General,3,813.75,809.99,474.32
483,2024-01-20,morning,75,female,holiday,Pens,General,1,531.88,813.82,385.02
484,2024-01-22,evening,59,female,weekend,Cheese,General,3,614.4,722.74,433.1
484,2024-01-22,evening,53,male,weekend,Apples,General,2,507.21,478.09,269.56
485,2024-01-09,evening,32,male,weekend,Notebooks,General,3,830.56,166.17,439.44
485,2024-01-09,evening,74,male,holiday,Folders,General,1,876.28,460.42,423.35
486,2024-01-29,morning,67,female,weekend,Cookies,General,2,520.75,526.55,109.31
486,2024-01-29,morning,56,male,daily_needs,Apples,General,3,534.57,282.02,234.04
487,2024-01-15,afternoon,23,male,daily_needs,Cola,General,3,844.65,952.46,422.25
487,2024-01-15,afternoon,30,female,holiday,Chips,General,1,383.87,208.75,113.36
487,2024-01-15,afternoon,38,male,weekend,Folders,General,2,246.19,971.33,110.0
488,2024-01-04,morning,45,female,weekend,Cola,General,2,123.72,187.83,379.67
488,2024-01-04,morning,79,male,daily_needs,Textbooks,General,1,642.44,507.61,260.26
488,2024-01-04,morning,49,female,weekend,Cheese,General,3,740.93,306.08,140.07
489,2024-01-17,morning,27,male,daily_needs,Cola,General,1,333.86,865.44,499.44
489,2024-01-17,morning,76,female,daily_needs,Cookies,General,2,792.66,387.57,329.71
490,2024-01-29,morning,19,female,weekend,Eggs,General,3,527.4,307.62,479.04
490,2024-01-29,morning,42,female,weekend,Apples,General,1,143.21,474.57,393.6
490,2024-01-29,morning,54,female,daily_needs,Butter,General,2,890.86,92.69,167.24
491,2024-01-01,evening,51,female,holiday,Eggs,General,1,560.06,583.0,253.58
491,2024-01-01,evening,30,male,daily_needs,Notebooks,General,3,177.93,542.68,407.23
492,2024-01-01,afternoon,23,male,weekend,Cookies,General,3,248.4,341.43,290.09
492,2024-01-01,afternoon,38,male,daily_needs,Bread,General,2,884.99,841.72,471.65
493,2024-01-04,morning,61,male,daily_needs,Bananas,General,1,603.95,939.08,447.06
493,2024-01-04,morning,71,male,holiday,Textbooks,General,2,947.04,541.42,129.76
494,2024-01-10,evening,63,female,holiday,Notebooks,General,3,340.71,171.05,318.23
494,2024-01-10,evening,43,female,holiday,Butter,General,2,339.99,976.53,381.76
494,2024-01-10,evening,61,male,daily_needs,Apples,General,1,752.38,676.76,191.37
495,2024-01-17,morning,45,female,holiday,Apples,General,2,993.51,995.07,145.91
495,2024-01-17,morning,36,male,daily_needs,Chips,General,3,150.07,967.21,476.35
496,2024-01-23,evening,38,male,daily_needs,Cheese,General,3,372.73,939.16,165.9
496,2024-01-23,evening,56,male,weekend,Bread,General,2,811.15,783.08,467.81
497,2024-01-20,evening,32,male,weekend,Pens,General,2,928.47,938.51,246.0
497,2024-01-20,evening,64,female,daily_needs,Notebooks,General,2,907.23,800.73,262.93
498,2024-01-21,afternoon,47,female,holiday,Cola,General,1,365.31,643.2,430.24
498,2024-01-21,afternoon,61,male,daily_needs,Notebooks,General,1,455.34,653.17,442.52
499,2024-01-27,afternoon,38,female,holiday,Butter,General,3,167.74,524.25,234.79
499,2024-01-27,afternoon,77,male,holiday,Cheese,General,3,707.23,165.54,126.02
500,2024-01-21,morning,28,female,daily_needs,Bread,General,2,919.19,989.72,449.62
500,2024-01-21,morning,65,male,holiday,Cookies,General,2,747.66,701.94,227.24
500,2024-01-21,morning,79,female,weekend,Milk,General,2,750.45,477.92,229.41
500,2024-01-21,morning,64,female,holiday,Apples,General,2,705.35,587.29,130.99
